2026-04-17 22:28:22 WARN  [main] org.hibernate.orm.deprecation - HHH90000025: PostgreSQLDialect does not need to be specified explicitly using 'hibernate.dialect' (remove the property setting and it will be selected by default)
2026-04-17 22:28:27 WARN  [main] o.s.s.c.a.a.c.InitializeUserDetailsBeanManagerConfigurer$InitializeUserDetailsManagerConfigurer - Global AuthenticationManager configured with an AuthenticationProvider bean. UserDetailsService beans will not be used by Spring Security for automatically configuring username/password login. Consider removing the AuthenticationProvider bean. Alternatively, consider using the UserDetailsService in a manually instantiated DaoAuthenticationProvider. If the current configuration is intentional, to turn off this warning, increase the logging level of 'org.springframework.security.config.annotation.authentication.configuration.InitializeUserDetailsBeanManagerConfigurer' to ERROR
2026-04-17 22:28:28 WARN  [main] o.s.b.j.a.JpaBaseConfiguration$JpaWebConfiguration - spring.jpa.open-in-view is enabled by default. Therefore, database queries may be performed during view rendering. Explicitly configure spring.jpa.open-in-view to disable this warning
2026-04-17 22:29:02 WARN  [RMI TCP Connection(4)-192.168.101.12] o.s.b.m.health.MongoHealthIndicator - MongoDB health check failed
com.mongodb.MongoTimeoutException: Timed out while waiting for a server that matches ReadPreferenceServerSelector{readPreference=primary}. Client view of cluster state is {type=UNKNOWN, servers=[{address=localhost:27017, type=UNKNOWN, state=CONNECTING, exception={com.mongodb.MongoSocketOpenException: Exception opening socket}, caused by {java.net.ConnectException: Connection refused: getsockopt}}]
	at com.mongodb.internal.connection.BaseCluster.logAndThrowTimeoutException(BaseCluster.java:431)
	at com.mongodb.internal.connection.BaseCluster.lambda$selectServer$0(BaseCluster.java:166)
	at com.mongodb.internal.time.Timeout.lambda$onExistsAndExpired$16(Timeout.java:238)
	at com.mongodb.internal.time.Timeout.lambda$run$10(Timeout.java:203)
	at com.mongodb.internal.time.TimePoint.checkedCall(TimePoint.java:99)
	at com.mongodb.internal.time.Timeout.call(Timeout.java:176)
	at com.mongodb.internal.time.Timeout.run(Timeout.java:196)
	at com.mongodb.internal.time.Timeout.onExistsAndExpired(Timeout.java:235)
	at com.mongodb.internal.time.Timeout.onExpired(Timeout.java:228)
	at com.mongodb.internal.connection.BaseCluster.selectServer(BaseCluster.java:165)
	at com.mongodb.internal.connection.SingleServerCluster.selectServer(SingleServerCluster.java:47)
	at com.mongodb.internal.binding.ClusterBinding.getReadConnectionSource(ClusterBinding.java:82)
	at com.mongodb.client.internal.ClientSessionBinding.getConnectionSource(ClientSessionBinding.java:108)
	at com.mongodb.client.internal.ClientSessionBinding.getReadConnectionSource(ClientSessionBinding.java:88)
	at com.mongodb.internal.operation.SyncOperationHelper.withSuppliedResource(SyncOperationHelper.java:148)
	at com.mongodb.internal.operation.SyncOperationHelper.withSourceAndConnection(SyncOperationHelper.java:129)
	at com.mongodb.internal.operation.SyncOperationHelper.lambda$executeRetryableRead$4(SyncOperationHelper.java:195)
	at com.mongodb.internal.operation.SyncOperationHelper.lambda$decorateReadWithRetries$13(SyncOperationHelper.java:317)
	at com.mongodb.internal.async.function.RetryingSyncSupplier.get(RetryingSyncSupplier.java:67)
	at com.mongodb.internal.operation.SyncOperationHelper.executeRetryableRead(SyncOperationHelper.java:201)
	at com.mongodb.internal.operation.SyncOperationHelper.executeRetryableRead(SyncOperationHelper.java:180)
	at com.mongodb.internal.operation.ListDatabasesOperation.execute(ListDatabasesOperation.java:112)
	at com.mongodb.internal.operation.ListDatabasesOperation.execute(ListDatabasesOperation.java:45)
	at com.mongodb.client.internal.MongoClusterImpl$OperationExecutorImpl.execute(MongoClusterImpl.java:426)
	at com.mongodb.client.internal.MongoIterableImpl.execute(MongoIterableImpl.java:156)
	at com.mongodb.client.internal.MongoIterableImpl.iterator(MongoIterableImpl.java:116)
	at com.mongodb.client.internal.MongoIterableImpl.forEach(MongoIterableImpl.java:142)
	at com.mongodb.client.internal.MappingIterable.forEach(MappingIterable.java:62)
	at org.springframework.boot.mongodb.health.MongoHealthIndicator.doHealthCheck(MongoHealthIndicator.java:56)
	at org.springframework.boot.health.contributor.AbstractHealthIndicator.health(AbstractHealthIndicator.java:80)
	at org.springframework.boot.health.contributor.HealthIndicator.health(HealthIndicator.java:37)
	at org.springframework.boot.health.actuate.endpoint.Contributor$Blocking.getDescriptor(Contributor.java:148)
	at org.springframework.boot.health.actuate.endpoint.Contributor$Blocking.getDescriptor(Contributor.java:126)
	at org.springframework.boot.health.actuate.endpoint.HealthEndpointSupport.getDescriptorAndLogIfSlow(HealthEndpointSupport.java:172)
	at org.springframework.boot.health.actuate.endpoint.HealthEndpointSupport.getDescriptor(HealthEndpointSupport.java:145)
	at org.springframework.boot.health.actuate.endpoint.HealthEndpointSupport.getAggregateDescriptor(HealthEndpointSupport.java:157)
	at org.springframework.boot.health.actuate.endpoint.HealthEndpointSupport.getDescriptor(HealthEndpointSupport.java:141)
	at org.springframework.boot.health.actuate.endpoint.HealthEndpointSupport.getResult(HealthEndpointSupport.java:110)
	at org.springframework.boot.health.actuate.endpoint.HealthEndpointSupport.getResult(HealthEndpointSupport.java:82)
	at org.springframework.boot.health.actuate.endpoint.HealthEndpoint.health(HealthEndpoint.java:80)
	at org.springframework.boot.health.actuate.endpoint.HealthEndpoint.health(HealthEndpoint.java:70)
	at java.base/jdk.internal.reflect.DirectMethodHandleAccessor.invoke(DirectMethodHandleAccessor.java:103)
	at java.base/java.lang.reflect.Method.invoke(Method.java:580)
	at org.springframework.util.ReflectionUtils.invokeMethod(ReflectionUtils.java:281)
	at org.springframework.boot.actuate.endpoint.invoke.reflect.ReflectiveOperationInvoker.invoke(ReflectiveOperationInvoker.java:76)
	at org.springframework.boot.actuate.endpoint.annotation.AbstractDiscoveredOperation.invoke(AbstractDiscoveredOperation.java:62)
	at org.springframework.boot.actuate.endpoint.jmx.EndpointMBean.invoke(EndpointMBean.java:127)
	at org.springframework.boot.actuate.endpoint.jmx.EndpointMBean.invoke(EndpointMBean.java:99)
	at java.management/com.sun.jmx.interceptor.DefaultMBeanServerInterceptor.invoke(DefaultMBeanServerInterceptor.java:803)
	at java.management/com.sun.jmx.mbeanserver.JmxMBeanServer.invoke(JmxMBeanServer.java:802)
	at java.management.rmi/javax.management.remote.rmi.RMIConnectionImpl.doOperation(RMIConnectionImpl.java:1472)
	at java.management.rmi/javax.management.remote.rmi.RMIConnectionImpl$PrivilegedOperation.run(RMIConnectionImpl.java:1310)
	at java.management.rmi/javax.management.remote.rmi.RMIConnectionImpl.doPrivilegedOperation(RMIConnectionImpl.java:1405)
	at java.management.rmi/javax.management.remote.rmi.RMIConnectionImpl.invoke(RMIConnectionImpl.java:829)
	at java.base/jdk.internal.reflect.DirectMethodHandleAccessor.invoke(DirectMethodHandleAccessor.java:103)
	at java.base/java.lang.reflect.Method.invoke(Method.java:580)
	at java.rmi/sun.rmi.server.UnicastServerRef.dispatch(UnicastServerRef.java:360)
	at java.rmi/sun.rmi.transport.Transport$1.run(Transport.java:200)
	at java.rmi/sun.rmi.transport.Transport$1.run(Transport.java:197)
	at java.base/java.security.AccessController.doPrivileged(AccessController.java:714)
	at java.rmi/sun.rmi.transport.Transport.serviceCall(Transport.java:196)
	at java.rmi/sun.rmi.transport.tcp.TCPTransport.handleMessages(TCPTransport.java:598)
	at java.rmi/sun.rmi.transport.tcp.TCPTransport$ConnectionHandler.run0(TCPTransport.java:844)
	at java.rmi/sun.rmi.transport.tcp.TCPTransport$ConnectionHandler.lambda$run$0(TCPTransport.java:721)
	at java.base/java.security.AccessController.doPrivileged(AccessController.java:400)
	at java.rmi/sun.rmi.transport.tcp.TCPTransport$ConnectionHandler.run(TCPTransport.java:720)
	at java.base/java.util.concurrent.ThreadPoolExecutor.runWorker(ThreadPoolExecutor.java:1144)
	at java.base/java.util.concurrent.ThreadPoolExecutor$Worker.run(ThreadPoolExecutor.java:642)
	at java.base/java.lang.Thread.run(Thread.java:1583)
2026-04-17 22:29:02 WARN  [RMI TCP Connection(4)-192.168.101.12] o.s.b.h.a.e.HealthEndpointSupport - Health contributor org.springframework.boot.mongodb.health.MongoHealthIndicator (mongo) took 30019ms to respond
2026-04-17 22:31:33 WARN  [http-nio-8081-exec-3] c.p.b.a.service.impl.AuthServiceImpl - Credenciales inválidas para email: juan.pablo.lopez.gomez2005@gmail.com
2026-04-17 22:31:33 WARN  [http-nio-8081-exec-3] c.p.b.p.controller.AuthController - Credenciales inválidas para: juan.pablo.lopez.gomez2005@gmail.com
2026-04-17 22:43:52 WARN  [main] org.hibernate.orm.deprecation - HHH90000025: PostgreSQLDialect does not need to be specified explicitly using 'hibernate.dialect' (remove the property setting and it will be selected by default)
2026-04-17 22:43:57 WARN  [main] o.s.s.c.a.a.c.InitializeUserDetailsBeanManagerConfigurer$InitializeUserDetailsManagerConfigurer - Global AuthenticationManager configured with an AuthenticationProvider bean. UserDetailsService beans will not be used by Spring Security for automatically configuring username/password login. Consider removing the AuthenticationProvider bean. Alternatively, consider using the UserDetailsService in a manually instantiated DaoAuthenticationProvider. If the current configuration is intentional, to turn off this warning, increase the logging level of 'org.springframework.security.config.annotation.authentication.configuration.InitializeUserDetailsBeanManagerConfigurer' to ERROR
2026-04-17 22:43:58 WARN  [main] o.s.b.j.a.JpaBaseConfiguration$JpaWebConfiguration - spring.jpa.open-in-view is enabled by default. Therefore, database queries may be performed during view rendering. Explicitly configure spring.jpa.open-in-view to disable this warning
2026-04-17 22:44:31 WARN  [RMI TCP Connection(1)-192.168.101.12] o.s.b.m.health.MongoHealthIndicator - MongoDB health check failed
com.mongodb.MongoTimeoutException: Timed out while waiting for a server that matches ReadPreferenceServerSelector{readPreference=primary}. Client view of cluster state is {type=UNKNOWN, servers=[{address=localhost:27017, type=UNKNOWN, state=CONNECTING, exception={com.mongodb.MongoSocketOpenException: Exception opening socket}, caused by {java.net.ConnectException: Connection refused: getsockopt}}]
	at com.mongodb.internal.connection.BaseCluster.logAndThrowTimeoutException(BaseCluster.java:431)
	at com.mongodb.internal.connection.BaseCluster.lambda$selectServer$0(BaseCluster.java:166)
	at com.mongodb.internal.time.Timeout.lambda$onExistsAndExpired$16(Timeout.java:238)
	at com.mongodb.internal.time.Timeout.lambda$run$10(Timeout.java:203)
	at com.mongodb.internal.time.TimePoint.checkedCall(TimePoint.java:99)
	at com.mongodb.internal.time.Timeout.call(Timeout.java:176)
	at com.mongodb.internal.time.Timeout.run(Timeout.java:196)
	at com.mongodb.internal.time.Timeout.onExistsAndExpired(Timeout.java:235)
	at com.mongodb.internal.time.Timeout.onExpired(Timeout.java:228)
	at com.mongodb.internal.connection.BaseCluster.selectServer(BaseCluster.java:165)
	at com.mongodb.internal.connection.SingleServerCluster.selectServer(SingleServerCluster.java:47)
	at com.mongodb.internal.binding.ClusterBinding.getReadConnectionSource(ClusterBinding.java:82)
	at com.mongodb.client.internal.ClientSessionBinding.getConnectionSource(ClientSessionBinding.java:108)
	at com.mongodb.client.internal.ClientSessionBinding.getReadConnectionSource(ClientSessionBinding.java:88)
	at com.mongodb.internal.operation.SyncOperationHelper.withSuppliedResource(SyncOperationHelper.java:148)
	at com.mongodb.internal.operation.SyncOperationHelper.withSourceAndConnection(SyncOperationHelper.java:129)
	at com.mongodb.internal.operation.SyncOperationHelper.lambda$executeRetryableRead$4(SyncOperationHelper.java:195)
	at com.mongodb.internal.operation.SyncOperationHelper.lambda$decorateReadWithRetries$13(SyncOperationHelper.java:317)
	at com.mongodb.internal.async.function.RetryingSyncSupplier.get(RetryingSyncSupplier.java:67)
	at com.mongodb.internal.operation.SyncOperationHelper.executeRetryableRead(SyncOperationHelper.java:201)
	at com.mongodb.internal.operation.SyncOperationHelper.executeRetryableRead(SyncOperationHelper.java:180)
	at com.mongodb.internal.operation.ListDatabasesOperation.execute(ListDatabasesOperation.java:112)
	at com.mongodb.internal.operation.ListDatabasesOperation.execute(ListDatabasesOperation.java:45)
	at com.mongodb.client.internal.MongoClusterImpl$OperationExecutorImpl.execute(MongoClusterImpl.java:426)
	at com.mongodb.client.internal.MongoIterableImpl.execute(MongoIterableImpl.java:156)
	at com.mongodb.client.internal.MongoIterableImpl.iterator(MongoIterableImpl.java:116)
	at com.mongodb.client.internal.MongoIterableImpl.forEach(MongoIterableImpl.java:142)
	at com.mongodb.client.internal.MappingIterable.forEach(MappingIterable.java:62)
	at org.springframework.boot.mongodb.health.MongoHealthIndicator.doHealthCheck(MongoHealthIndicator.java:56)
	at org.springframework.boot.health.contributor.AbstractHealthIndicator.health(AbstractHealthIndicator.java:80)
	at org.springframework.boot.health.contributor.HealthIndicator.health(HealthIndicator.java:37)
	at org.springframework.boot.health.actuate.endpoint.Contributor$Blocking.getDescriptor(Contributor.java:148)
	at org.springframework.boot.health.actuate.endpoint.Contributor$Blocking.getDescriptor(Contributor.java:126)
	at org.springframework.boot.health.actuate.endpoint.HealthEndpointSupport.getDescriptorAndLogIfSlow(HealthEndpointSupport.java:172)
	at org.springframework.boot.health.actuate.endpoint.HealthEndpointSupport.getDescriptor(HealthEndpointSupport.java:145)
	at org.springframework.boot.health.actuate.endpoint.HealthEndpointSupport.getAggregateDescriptor(HealthEndpointSupport.java:157)
	at org.springframework.boot.health.actuate.endpoint.HealthEndpointSupport.getDescriptor(HealthEndpointSupport.java:141)
	at org.springframework.boot.health.actuate.endpoint.HealthEndpointSupport.getResult(HealthEndpointSupport.java:110)
	at org.springframework.boot.health.actuate.endpoint.HealthEndpointSupport.getResult(HealthEndpointSupport.java:82)
	at org.springframework.boot.health.actuate.endpoint.HealthEndpoint.health(HealthEndpoint.java:80)
	at org.springframework.boot.health.actuate.endpoint.HealthEndpoint.health(HealthEndpoint.java:70)
	at java.base/jdk.internal.reflect.DirectMethodHandleAccessor.invoke(DirectMethodHandleAccessor.java:103)
	at java.base/java.lang.reflect.Method.invoke(Method.java:580)
	at org.springframework.util.ReflectionUtils.invokeMethod(ReflectionUtils.java:281)
	at org.springframework.boot.actuate.endpoint.invoke.reflect.ReflectiveOperationInvoker.invoke(ReflectiveOperationInvoker.java:76)
	at org.springframework.boot.actuate.endpoint.annotation.AbstractDiscoveredOperation.invoke(AbstractDiscoveredOperation.java:62)
	at org.springframework.boot.actuate.endpoint.jmx.EndpointMBean.invoke(EndpointMBean.java:127)
	at org.springframework.boot.actuate.endpoint.jmx.EndpointMBean.invoke(EndpointMBean.java:99)
	at java.management/com.sun.jmx.interceptor.DefaultMBeanServerInterceptor.invoke(DefaultMBeanServerInterceptor.java:803)
	at java.management/com.sun.jmx.mbeanserver.JmxMBeanServer.invoke(JmxMBeanServer.java:802)
	at java.management.rmi/javax.management.remote.rmi.RMIConnectionImpl.doOperation(RMIConnectionImpl.java:1472)
	at java.management.rmi/javax.management.remote.rmi.RMIConnectionImpl$PrivilegedOperation.run(RMIConnectionImpl.java:1310)
	at java.management.rmi/javax.management.remote.rmi.RMIConnectionImpl.doPrivilegedOperation(RMIConnectionImpl.java:1405)
	at java.management.rmi/javax.management.remote.rmi.RMIConnectionImpl.invoke(RMIConnectionImpl.java:829)
	at java.base/jdk.internal.reflect.DirectMethodHandleAccessor.invoke(DirectMethodHandleAccessor.java:103)
	at java.base/java.lang.reflect.Method.invoke(Method.java:580)
	at java.rmi/sun.rmi.server.UnicastServerRef.dispatch(UnicastServerRef.java:360)
	at java.rmi/sun.rmi.transport.Transport$1.run(Transport.java:200)
	at java.rmi/sun.rmi.transport.Transport$1.run(Transport.java:197)
	at java.base/java.security.AccessController.doPrivileged(AccessController.java:714)
	at java.rmi/sun.rmi.transport.Transport.serviceCall(Transport.java:196)
	at java.rmi/sun.rmi.transport.tcp.TCPTransport.handleMessages(TCPTransport.java:598)
	at java.rmi/sun.rmi.transport.tcp.TCPTransport$ConnectionHandler.run0(TCPTransport.java:844)
	at java.rmi/sun.rmi.transport.tcp.TCPTransport$ConnectionHandler.lambda$run$0(TCPTransport.java:721)
	at java.base/java.security.AccessController.doPrivileged(AccessController.java:400)
	at java.rmi/sun.rmi.transport.tcp.TCPTransport$ConnectionHandler.run(TCPTransport.java:720)
	at java.base/java.util.concurrent.ThreadPoolExecutor.runWorker(ThreadPoolExecutor.java:1144)
	at java.base/java.util.concurrent.ThreadPoolExecutor$Worker.run(ThreadPoolExecutor.java:642)
	at java.base/java.lang.Thread.run(Thread.java:1583)
2026-04-17 22:44:31 WARN  [RMI TCP Connection(1)-192.168.101.12] o.s.b.h.a.e.HealthEndpointSupport - Health contributor org.springframework.boot.mongodb.health.MongoHealthIndicator (mongo) took 30032ms to respond
2026-04-18 17:54:30 WARN  [main] org.hibernate.orm.deprecation - HHH90000025: PostgreSQLDialect does not need to be specified explicitly using 'hibernate.dialect' (remove the property setting and it will be selected by default)
2026-04-18 17:54:35 WARN  [main] o.s.s.c.a.a.c.InitializeUserDetailsBeanManagerConfigurer$InitializeUserDetailsManagerConfigurer - Global AuthenticationManager configured with an AuthenticationProvider bean. UserDetailsService beans will not be used by Spring Security for automatically configuring username/password login. Consider removing the AuthenticationProvider bean. Alternatively, consider using the UserDetailsService in a manually instantiated DaoAuthenticationProvider. If the current configuration is intentional, to turn off this warning, increase the logging level of 'org.springframework.security.config.annotation.authentication.configuration.InitializeUserDetailsBeanManagerConfigurer' to ERROR
2026-04-18 17:54:36 WARN  [main] o.s.b.j.a.JpaBaseConfiguration$JpaWebConfiguration - spring.jpa.open-in-view is enabled by default. Therefore, database queries may be performed during view rendering. Explicitly configure spring.jpa.open-in-view to disable this warning
2026-04-18 17:55:11 WARN  [RMI TCP Connection(4)-192.168.101.18] o.s.b.m.health.MongoHealthIndicator - MongoDB health check failed
com.mongodb.MongoTimeoutException: Timed out while waiting for a server that matches ReadPreferenceServerSelector{readPreference=primary}. Client view of cluster state is {type=UNKNOWN, servers=[{address=localhost:27017, type=UNKNOWN, state=CONNECTING, exception={com.mongodb.MongoSocketOpenException: Exception opening socket}, caused by {java.net.ConnectException: Connection refused: getsockopt}}]
	at com.mongodb.internal.connection.BaseCluster.logAndThrowTimeoutException(BaseCluster.java:431)
	at com.mongodb.internal.connection.BaseCluster.lambda$selectServer$0(BaseCluster.java:166)
	at com.mongodb.internal.time.Timeout.lambda$onExistsAndExpired$16(Timeout.java:238)
	at com.mongodb.internal.time.Timeout.lambda$run$10(Timeout.java:203)
	at com.mongodb.internal.time.TimePoint.checkedCall(TimePoint.java:99)
	at com.mongodb.internal.time.Timeout.call(Timeout.java:176)
	at com.mongodb.internal.time.Timeout.run(Timeout.java:196)
	at com.mongodb.internal.time.Timeout.onExistsAndExpired(Timeout.java:235)
	at com.mongodb.internal.time.Timeout.onExpired(Timeout.java:228)
	at com.mongodb.internal.connection.BaseCluster.selectServer(BaseCluster.java:165)
	at com.mongodb.internal.connection.SingleServerCluster.selectServer(SingleServerCluster.java:47)
	at com.mongodb.internal.binding.ClusterBinding.getReadConnectionSource(ClusterBinding.java:82)
	at com.mongodb.client.internal.ClientSessionBinding.getConnectionSource(ClientSessionBinding.java:108)
	at com.mongodb.client.internal.ClientSessionBinding.getReadConnectionSource(ClientSessionBinding.java:88)
	at com.mongodb.internal.operation.SyncOperationHelper.withSuppliedResource(SyncOperationHelper.java:148)
	at com.mongodb.internal.operation.SyncOperationHelper.withSourceAndConnection(SyncOperationHelper.java:129)
	at com.mongodb.internal.operation.SyncOperationHelper.lambda$executeRetryableRead$4(SyncOperationHelper.java:195)
	at com.mongodb.internal.operation.SyncOperationHelper.lambda$decorateReadWithRetries$13(SyncOperationHelper.java:317)
	at com.mongodb.internal.async.function.RetryingSyncSupplier.get(RetryingSyncSupplier.java:67)
	at com.mongodb.internal.operation.SyncOperationHelper.executeRetryableRead(SyncOperationHelper.java:201)
	at com.mongodb.internal.operation.SyncOperationHelper.executeRetryableRead(SyncOperationHelper.java:180)
	at com.mongodb.internal.operation.ListDatabasesOperation.execute(ListDatabasesOperation.java:112)
	at com.mongodb.internal.operation.ListDatabasesOperation.execute(ListDatabasesOperation.java:45)
	at com.mongodb.client.internal.MongoClusterImpl$OperationExecutorImpl.execute(MongoClusterImpl.java:426)
	at com.mongodb.client.internal.MongoIterableImpl.execute(MongoIterableImpl.java:156)
	at com.mongodb.client.internal.MongoIterableImpl.iterator(MongoIterableImpl.java:116)
	at com.mongodb.client.internal.MongoIterableImpl.forEach(MongoIterableImpl.java:142)
	at com.mongodb.client.internal.MappingIterable.forEach(MappingIterable.java:62)
	at org.springframework.boot.mongodb.health.MongoHealthIndicator.doHealthCheck(MongoHealthIndicator.java:56)
	at org.springframework.boot.health.contributor.AbstractHealthIndicator.health(AbstractHealthIndicator.java:80)
	at org.springframework.boot.health.contributor.HealthIndicator.health(HealthIndicator.java:37)
	at org.springframework.boot.health.actuate.endpoint.Contributor$Blocking.getDescriptor(Contributor.java:148)
	at org.springframework.boot.health.actuate.endpoint.Contributor$Blocking.getDescriptor(Contributor.java:126)
	at org.springframework.boot.health.actuate.endpoint.HealthEndpointSupport.getDescriptorAndLogIfSlow(HealthEndpointSupport.java:172)
	at org.springframework.boot.health.actuate.endpoint.HealthEndpointSupport.getDescriptor(HealthEndpointSupport.java:145)
	at org.springframework.boot.health.actuate.endpoint.HealthEndpointSupport.getAggregateDescriptor(HealthEndpointSupport.java:157)
	at org.springframework.boot.health.actuate.endpoint.HealthEndpointSupport.getDescriptor(HealthEndpointSupport.java:141)
	at org.springframework.boot.health.actuate.endpoint.HealthEndpointSupport.getResult(HealthEndpointSupport.java:110)
	at org.springframework.boot.health.actuate.endpoint.HealthEndpointSupport.getResult(HealthEndpointSupport.java:82)
	at org.springframework.boot.health.actuate.endpoint.HealthEndpoint.health(HealthEndpoint.java:80)
	at org.springframework.boot.health.actuate.endpoint.HealthEndpoint.health(HealthEndpoint.java:70)
	at java.base/jdk.internal.reflect.DirectMethodHandleAccessor.invoke(DirectMethodHandleAccessor.java:103)
	at java.base/java.lang.reflect.Method.invoke(Method.java:580)
	at org.springframework.util.ReflectionUtils.invokeMethod(ReflectionUtils.java:281)
	at org.springframework.boot.actuate.endpoint.invoke.reflect.ReflectiveOperationInvoker.invoke(ReflectiveOperationInvoker.java:76)
	at org.springframework.boot.actuate.endpoint.annotation.AbstractDiscoveredOperation.invoke(AbstractDiscoveredOperation.java:62)
	at org.springframework.boot.actuate.endpoint.jmx.EndpointMBean.invoke(EndpointMBean.java:127)
	at org.springframework.boot.actuate.endpoint.jmx.EndpointMBean.invoke(EndpointMBean.java:99)
	at java.management/com.sun.jmx.interceptor.DefaultMBeanServerInterceptor.invoke(DefaultMBeanServerInterceptor.java:803)
	at java.management/com.sun.jmx.mbeanserver.JmxMBeanServer.invoke(JmxMBeanServer.java:802)
	at java.management.rmi/javax.management.remote.rmi.RMIConnectionImpl.doOperation(RMIConnectionImpl.java:1472)
	at java.management.rmi/javax.management.remote.rmi.RMIConnectionImpl$PrivilegedOperation.run(RMIConnectionImpl.java:1310)
	at java.management.rmi/javax.management.remote.rmi.RMIConnectionImpl.doPrivilegedOperation(RMIConnectionImpl.java:1405)
	at java.management.rmi/javax.management.remote.rmi.RMIConnectionImpl.invoke(RMIConnectionImpl.java:829)
	at java.base/jdk.internal.reflect.DirectMethodHandleAccessor.invoke(DirectMethodHandleAccessor.java:103)
	at java.base/java.lang.reflect.Method.invoke(Method.java:580)
	at java.rmi/sun.rmi.server.UnicastServerRef.dispatch(UnicastServerRef.java:360)
	at java.rmi/sun.rmi.transport.Transport$1.run(Transport.java:200)
	at java.rmi/sun.rmi.transport.Transport$1.run(Transport.java:197)
	at java.base/java.security.AccessController.doPrivileged(AccessController.java:714)
	at java.rmi/sun.rmi.transport.Transport.serviceCall(Transport.java:196)
	at java.rmi/sun.rmi.transport.tcp.TCPTransport.handleMessages(TCPTransport.java:598)
	at java.rmi/sun.rmi.transport.tcp.TCPTransport$ConnectionHandler.run0(TCPTransport.java:844)
	at java.rmi/sun.rmi.transport.tcp.TCPTransport$ConnectionHandler.lambda$run$0(TCPTransport.java:721)
	at java.base/java.security.AccessController.doPrivileged(AccessController.java:400)
	at java.rmi/sun.rmi.transport.tcp.TCPTransport$ConnectionHandler.run(TCPTransport.java:720)
	at java.base/java.util.concurrent.ThreadPoolExecutor.runWorker(ThreadPoolExecutor.java:1144)
	at java.base/java.util.concurrent.ThreadPoolExecutor$Worker.run(ThreadPoolExecutor.java:642)
	at java.base/java.lang.Thread.run(Thread.java:1583)
2026-04-18 17:55:11 WARN  [RMI TCP Connection(4)-192.168.101.18] o.s.b.h.a.e.HealthEndpointSupport - Health contributor org.springframework.boot.mongodb.health.MongoHealthIndicator (mongo) took 30033ms to respond
2026-04-18 18:04:14 WARN  [http-nio-8081-exec-10] o.s.d.w.c.SpringDataJackson3Configuration$PageModule$WarningLoggingModifier - Serializing PageImpl instances as-is is not supported, meaning that there is no guarantee about the stability of the resulting JSON structure!
	For a stable JSON structure, please use Spring Data's PagedModel (globally via @EnableSpringDataWebSupport(pageSerializationMode = VIA_DTO))
	or Spring HATEOAS and Spring Data's PagedResourcesAssembler as documented in https://docs.spring.io/spring-data/commons/reference/repositories/core-extensions.html#core.web.pageables.

2026-04-18 18:36:42 WARN  [main] org.hibernate.orm.deprecation - HHH90000025: PostgreSQLDialect does not need to be specified explicitly using 'hibernate.dialect' (remove the property setting and it will be selected by default)
2026-04-18 18:36:46 WARN  [main] o.s.s.c.a.a.c.InitializeUserDetailsBeanManagerConfigurer$InitializeUserDetailsManagerConfigurer - Global AuthenticationManager configured with an AuthenticationProvider bean. UserDetailsService beans will not be used by Spring Security for automatically configuring username/password login. Consider removing the AuthenticationProvider bean. Alternatively, consider using the UserDetailsService in a manually instantiated DaoAuthenticationProvider. If the current configuration is intentional, to turn off this warning, increase the logging level of 'org.springframework.security.config.annotation.authentication.configuration.InitializeUserDetailsBeanManagerConfigurer' to ERROR
2026-04-18 18:36:47 WARN  [main] o.s.b.j.a.JpaBaseConfiguration$JpaWebConfiguration - spring.jpa.open-in-view is enabled by default. Therefore, database queries may be performed during view rendering. Explicitly configure spring.jpa.open-in-view to disable this warning
2026-04-18 18:37:21 WARN  [RMI TCP Connection(2)-192.168.101.18] o.s.b.m.health.MongoHealthIndicator - MongoDB health check failed
com.mongodb.MongoTimeoutException: Timed out while waiting for a server that matches ReadPreferenceServerSelector{readPreference=primary}. Client view of cluster state is {type=UNKNOWN, servers=[{address=localhost:27017, type=UNKNOWN, state=CONNECTING, exception={com.mongodb.MongoSocketOpenException: Exception opening socket}, caused by {java.net.ConnectException: Connection refused: getsockopt}}]
	at com.mongodb.internal.connection.BaseCluster.logAndThrowTimeoutException(BaseCluster.java:431)
	at com.mongodb.internal.connection.BaseCluster.lambda$selectServer$0(BaseCluster.java:166)
	at com.mongodb.internal.time.Timeout.lambda$onExistsAndExpired$16(Timeout.java:238)
	at com.mongodb.internal.time.Timeout.lambda$run$10(Timeout.java:203)
	at com.mongodb.internal.time.TimePoint.checkedCall(TimePoint.java:99)
	at com.mongodb.internal.time.Timeout.call(Timeout.java:176)
	at com.mongodb.internal.time.Timeout.run(Timeout.java:196)
	at com.mongodb.internal.time.Timeout.onExistsAndExpired(Timeout.java:235)
	at com.mongodb.internal.time.Timeout.onExpired(Timeout.java:228)
	at com.mongodb.internal.connection.BaseCluster.selectServer(BaseCluster.java:165)
	at com.mongodb.internal.connection.SingleServerCluster.selectServer(SingleServerCluster.java:47)
	at com.mongodb.internal.binding.ClusterBinding.getReadConnectionSource(ClusterBinding.java:82)
	at com.mongodb.client.internal.ClientSessionBinding.getConnectionSource(ClientSessionBinding.java:108)
	at com.mongodb.client.internal.ClientSessionBinding.getReadConnectionSource(ClientSessionBinding.java:88)
	at com.mongodb.internal.operation.SyncOperationHelper.withSuppliedResource(SyncOperationHelper.java:148)
	at com.mongodb.internal.operation.SyncOperationHelper.withSourceAndConnection(SyncOperationHelper.java:129)
	at com.mongodb.internal.operation.SyncOperationHelper.lambda$executeRetryableRead$4(SyncOperationHelper.java:195)
	at com.mongodb.internal.operation.SyncOperationHelper.lambda$decorateReadWithRetries$13(SyncOperationHelper.java:317)
	at com.mongodb.internal.async.function.RetryingSyncSupplier.get(RetryingSyncSupplier.java:67)
	at com.mongodb.internal.operation.SyncOperationHelper.executeRetryableRead(SyncOperationHelper.java:201)
	at com.mongodb.internal.operation.SyncOperationHelper.executeRetryableRead(SyncOperationHelper.java:180)
	at com.mongodb.internal.operation.ListDatabasesOperation.execute(ListDatabasesOperation.java:112)
	at com.mongodb.internal.operation.ListDatabasesOperation.execute(ListDatabasesOperation.java:45)
	at com.mongodb.client.internal.MongoClusterImpl$OperationExecutorImpl.execute(MongoClusterImpl.java:426)
	at com.mongodb.client.internal.MongoIterableImpl.execute(MongoIterableImpl.java:156)
	at com.mongodb.client.internal.MongoIterableImpl.iterator(MongoIterableImpl.java:116)
	at com.mongodb.client.internal.MongoIterableImpl.forEach(MongoIterableImpl.java:142)
	at com.mongodb.client.internal.MappingIterable.forEach(MappingIterable.java:62)
	at org.springframework.boot.mongodb.health.MongoHealthIndicator.doHealthCheck(MongoHealthIndicator.java:56)
	at org.springframework.boot.health.contributor.AbstractHealthIndicator.health(AbstractHealthIndicator.java:80)
	at org.springframework.boot.health.contributor.HealthIndicator.health(HealthIndicator.java:37)
	at org.springframework.boot.health.actuate.endpoint.Contributor$Blocking.getDescriptor(Contributor.java:148)
	at org.springframework.boot.health.actuate.endpoint.Contributor$Blocking.getDescriptor(Contributor.java:126)
	at org.springframework.boot.health.actuate.endpoint.HealthEndpointSupport.getDescriptorAndLogIfSlow(HealthEndpointSupport.java:172)
	at org.springframework.boot.health.actuate.endpoint.HealthEndpointSupport.getDescriptor(HealthEndpointSupport.java:145)
	at org.springframework.boot.health.actuate.endpoint.HealthEndpointSupport.getAggregateDescriptor(HealthEndpointSupport.java:157)
	at org.springframework.boot.health.actuate.endpoint.HealthEndpointSupport.getDescriptor(HealthEndpointSupport.java:141)
	at org.springframework.boot.health.actuate.endpoint.HealthEndpointSupport.getResult(HealthEndpointSupport.java:110)
	at org.springframework.boot.health.actuate.endpoint.HealthEndpointSupport.getResult(HealthEndpointSupport.java:82)
	at org.springframework.boot.health.actuate.endpoint.HealthEndpoint.health(HealthEndpoint.java:80)
	at org.springframework.boot.health.actuate.endpoint.HealthEndpoint.health(HealthEndpoint.java:70)
	at java.base/jdk.internal.reflect.DirectMethodHandleAccessor.invoke(DirectMethodHandleAccessor.java:103)
	at java.base/java.lang.reflect.Method.invoke(Method.java:580)
	at org.springframework.util.ReflectionUtils.invokeMethod(ReflectionUtils.java:281)
	at org.springframework.boot.actuate.endpoint.invoke.reflect.ReflectiveOperationInvoker.invoke(ReflectiveOperationInvoker.java:76)
	at org.springframework.boot.actuate.endpoint.annotation.AbstractDiscoveredOperation.invoke(AbstractDiscoveredOperation.java:62)
	at org.springframework.boot.actuate.endpoint.jmx.EndpointMBean.invoke(EndpointMBean.java:127)
	at org.springframework.boot.actuate.endpoint.jmx.EndpointMBean.invoke(EndpointMBean.java:99)
	at java.management/com.sun.jmx.interceptor.DefaultMBeanServerInterceptor.invoke(DefaultMBeanServerInterceptor.java:803)
	at java.management/com.sun.jmx.mbeanserver.JmxMBeanServer.invoke(JmxMBeanServer.java:802)
	at java.management.rmi/javax.management.remote.rmi.RMIConnectionImpl.doOperation(RMIConnectionImpl.java:1472)
	at java.management.rmi/javax.management.remote.rmi.RMIConnectionImpl$PrivilegedOperation.run(RMIConnectionImpl.java:1310)
	at java.management.rmi/javax.management.remote.rmi.RMIConnectionImpl.doPrivilegedOperation(RMIConnectionImpl.java:1405)
	at java.management.rmi/javax.management.remote.rmi.RMIConnectionImpl.invoke(RMIConnectionImpl.java:829)
	at java.base/jdk.internal.reflect.DirectMethodHandleAccessor.invoke(DirectMethodHandleAccessor.java:103)
	at java.base/java.lang.reflect.Method.invoke(Method.java:580)
	at java.rmi/sun.rmi.server.UnicastServerRef.dispatch(UnicastServerRef.java:360)
	at java.rmi/sun.rmi.transport.Transport$1.run(Transport.java:200)
	at java.rmi/sun.rmi.transport.Transport$1.run(Transport.java:197)
	at java.base/java.security.AccessController.doPrivileged(AccessController.java:714)
	at java.rmi/sun.rmi.transport.Transport.serviceCall(Transport.java:196)
	at java.rmi/sun.rmi.transport.tcp.TCPTransport.handleMessages(TCPTransport.java:598)
	at java.rmi/sun.rmi.transport.tcp.TCPTransport$ConnectionHandler.run0(TCPTransport.java:844)
	at java.rmi/sun.rmi.transport.tcp.TCPTransport$ConnectionHandler.lambda$run$0(TCPTransport.java:721)
	at java.base/java.security.AccessController.doPrivileged(AccessController.java:400)
	at java.rmi/sun.rmi.transport.tcp.TCPTransport$ConnectionHandler.run(TCPTransport.java:720)
	at java.base/java.util.concurrent.ThreadPoolExecutor.runWorker(ThreadPoolExecutor.java:1144)
	at java.base/java.util.concurrent.ThreadPoolExecutor$Worker.run(ThreadPoolExecutor.java:642)
	at java.base/java.lang.Thread.run(Thread.java:1583)
2026-04-18 18:37:21 WARN  [RMI TCP Connection(2)-192.168.101.18] o.s.b.h.a.e.HealthEndpointSupport - Health contributor org.springframework.boot.mongodb.health.MongoHealthIndicator (mongo) took 30020ms to respond
2026-04-18 19:45:00 WARN  [http-nio-8081-exec-5] c.zaxxer.hikari.pool.ProxyConnection - HikariPool-1 - Connection org.postgresql.jdbc.PgConnection@5c4f3853 marked as broken because of SQLSTATE(08006), ErrorCode(0)
org.postgresql.util.PSQLException: An I/O error occurred while sending to the backend.
	at org.postgresql.core.v3.QueryExecutorImpl.execute(QueryExecutorImpl.java:456)
	at org.postgresql.jdbc.PgStatement.executeInternal(PgStatement.java:526)
	at org.postgresql.jdbc.PgStatement.execute(PgStatement.java:436)
	at org.postgresql.jdbc.PgPreparedStatement.executeWithFlags(PgPreparedStatement.java:196)
	at org.postgresql.jdbc.PgPreparedStatement.executeQuery(PgPreparedStatement.java:139)
	at com.zaxxer.hikari.pool.ProxyPreparedStatement.executeQuery(ProxyPreparedStatement.java:52)
	at com.zaxxer.hikari.pool.HikariProxyPreparedStatement.executeQuery(HikariProxyPreparedStatement.java)
	at org.hibernate.sql.results.jdbc.internal.DeferredResultSetAccess.executeQuery(DeferredResultSetAccess.java:271)
	at org.hibernate.sql.results.jdbc.internal.DeferredResultSetAccess.getResultSet(DeferredResultSetAccess.java:190)
	at org.hibernate.sql.results.jdbc.internal.JdbcValuesResultSetImpl.<init>(JdbcValuesResultSetImpl.java:71)
	at org.hibernate.sql.exec.internal.JdbcSelectExecutorStandardImpl.resolveJdbcValues(JdbcSelectExecutorStandardImpl.java:393)
	at org.hibernate.sql.exec.internal.JdbcSelectExecutorStandardImpl.resolveJdbcValuesSource(JdbcSelectExecutorStandardImpl.java:354)
	at org.hibernate.sql.exec.internal.JdbcSelectExecutorStandardImpl.doExecuteQuery(JdbcSelectExecutorStandardImpl.java:135)
	at org.hibernate.sql.exec.internal.JdbcSelectExecutorStandardImpl.executeQuery(JdbcSelectExecutorStandardImpl.java:100)
	at org.hibernate.sql.exec.spi.JdbcSelectExecutor.executeQuery(JdbcSelectExecutor.java:63)
	at org.hibernate.sql.exec.spi.JdbcSelectExecutor.list(JdbcSelectExecutor.java:137)
	at org.hibernate.query.sqm.internal.ConcreteSqmSelectQueryPlan.lambda$new$1(ConcreteSqmSelectQueryPlan.java:128)
	at org.hibernate.query.sqm.internal.ConcreteSqmSelectQueryPlan.withCacheableSqmInterpretation(ConcreteSqmSelectQueryPlan.java:427)
	at org.hibernate.query.sqm.internal.ConcreteSqmSelectQueryPlan.performList(ConcreteSqmSelectQueryPlan.java:355)
	at org.hibernate.query.sqm.internal.SqmQueryImpl.doList(SqmQueryImpl.java:374)
	at org.hibernate.query.spi.AbstractSelectionQuery.list(AbstractSelectionQuery.java:153)
	at org.hibernate.query.Query.getResultList(Query.java:121)
	at org.springframework.data.jpa.repository.query.JpaQueryExecution$CollectionExecution.doExecute(JpaQueryExecution.java:132)
	at org.springframework.data.jpa.repository.query.JpaQueryExecution.execute(JpaQueryExecution.java:99)
	at org.springframework.data.jpa.repository.query.AbstractJpaQuery.doExecute(AbstractJpaQuery.java:164)
	at org.springframework.data.jpa.repository.query.AbstractJpaQuery.execute(AbstractJpaQuery.java:154)
	at org.springframework.data.repository.core.support.RepositoryMethodInvoker.doInvoke(RepositoryMethodInvoker.java:169)
	at org.springframework.data.repository.core.support.RepositoryMethodInvoker.invoke(RepositoryMethodInvoker.java:158)
	at org.springframework.data.repository.core.support.QueryExecutorMethodInterceptor.doInvoke(QueryExecutorMethodInterceptor.java:167)
	at org.springframework.data.repository.core.support.QueryExecutorMethodInterceptor.invoke(QueryExecutorMethodInterceptor.java:146)
	at org.springframework.aop.framework.ReflectiveMethodInvocation.proceed(ReflectiveMethodInvocation.java:179)
	at org.springframework.data.projection.DefaultMethodInvokingMethodInterceptor.invoke(DefaultMethodInvokingMethodInterceptor.java:69)
	at org.springframework.aop.framework.ReflectiveMethodInvocation.proceed(ReflectiveMethodInvocation.java:179)
	at org.springframework.transaction.interceptor.TransactionInterceptor$1.proceedWithInvocation(TransactionInterceptor.java:133)
	at org.springframework.transaction.interceptor.TransactionAspectSupport.invokeWithinTransaction(TransactionAspectSupport.java:371)
	at org.springframework.transaction.interceptor.TransactionInterceptor.invoke(TransactionInterceptor.java:130)
	at org.springframework.aop.framework.ReflectiveMethodInvocation.proceed(ReflectiveMethodInvocation.java:179)
	at org.springframework.dao.support.PersistenceExceptionTranslationInterceptor.invoke(PersistenceExceptionTranslationInterceptor.java:135)
	at org.springframework.aop.framework.ReflectiveMethodInvocation.proceed(ReflectiveMethodInvocation.java:179)
	at org.springframework.data.jpa.repository.support.CrudMethodMetadataPostProcessor$CrudMethodMetadataPopulatingMethodInterceptor.invoke(CrudMethodMetadataPostProcessor.java:137)
	at org.springframework.aop.framework.ReflectiveMethodInvocation.proceed(ReflectiveMethodInvocation.java:179)
	at org.springframework.aop.framework.JdkDynamicAopProxy.invoke(JdkDynamicAopProxy.java:222)
	at jdk.proxy2/jdk.proxy2.$Proxy182.findByUsuarioId(Unknown Source)
	at com.paeldav.backend.application.service.impl.VueloServiceImpl.obtenerVuelosPorUsuario(VueloServiceImpl.java:487)
	at java.base/jdk.internal.reflect.DirectMethodHandleAccessor.invoke(DirectMethodHandleAccessor.java:103)
	at java.base/java.lang.reflect.Method.invoke(Method.java:580)
	at org.springframework.aop.support.AopUtils.invokeJoinpointUsingReflection(AopUtils.java:359)
	at org.springframework.aop.framework.ReflectiveMethodInvocation.invokeJoinpoint(ReflectiveMethodInvocation.java:190)
	at org.springframework.aop.framework.ReflectiveMethodInvocation.proceed(ReflectiveMethodInvocation.java:158)
	at org.springframework.transaction.interceptor.TransactionInterceptor$1.proceedWithInvocation(TransactionInterceptor.java:133)
	at org.springframework.transaction.interceptor.TransactionAspectSupport.invokeWithinTransaction(TransactionAspectSupport.java:371)
	at org.springframework.transaction.interceptor.TransactionInterceptor.invoke(TransactionInterceptor.java:130)
	at org.springframework.aop.framework.ReflectiveMethodInvocation.proceed(ReflectiveMethodInvocation.java:179)
	at org.springframework.aop.framework.CglibAopProxy$DynamicAdvisedInterceptor.intercept(CglibAopProxy.java:719)
	at com.paeldav.backend.application.service.impl.VueloServiceImpl$$SpringCGLIB$$0.obtenerVuelosPorUsuario(<generated>)
	at com.paeldav.backend.presentation.controller.VueloController.obtenerVuelosPorUsuario(VueloController.java:204)
	at java.base/jdk.internal.reflect.DirectMethodHandleAccessor.invoke(DirectMethodHandleAccessor.java:103)
	at java.base/java.lang.reflect.Method.invoke(Method.java:580)
	at org.springframework.web.method.support.InvocableHandlerMethod.doInvoke(InvocableHandlerMethod.java:258)
	at org.springframework.web.method.support.InvocableHandlerMethod.invokeForRequest(InvocableHandlerMethod.java:190)
	at org.springframework.web.servlet.mvc.method.annotation.ServletInvocableHandlerMethod.invokeAndHandle(ServletInvocableHandlerMethod.java:117)
	at org.springframework.web.servlet.mvc.method.annotation.RequestMappingHandlerAdapter.invokeHandlerMethod(RequestMappingHandlerAdapter.java:934)
	at org.springframework.web.servlet.mvc.method.annotation.RequestMappingHandlerAdapter.handleInternal(RequestMappingHandlerAdapter.java:853)
	at org.springframework.web.servlet.mvc.method.AbstractHandlerMethodAdapter.handle(AbstractHandlerMethodAdapter.java:86)
	at org.springframework.web.servlet.DispatcherServlet.doDispatch(DispatcherServlet.java:963)
	at org.springframework.web.servlet.DispatcherServlet.doService(DispatcherServlet.java:866)
	at org.springframework.web.servlet.FrameworkServlet.processRequest(FrameworkServlet.java:1003)
	at org.springframework.web.servlet.FrameworkServlet.doGet(FrameworkServlet.java:892)
	at jakarta.servlet.http.HttpServlet.service(HttpServlet.java:622)
	at org.springframework.web.servlet.FrameworkServlet.service(FrameworkServlet.java:874)
	at jakarta.servlet.http.HttpServlet.service(HttpServlet.java:710)
	at org.apache.catalina.core.ApplicationFilterChain.doFilter(ApplicationFilterChain.java:128)
	at org.apache.tomcat.websocket.server.WsFilter.doFilter(WsFilter.java:53)
	at org.apache.catalina.core.ApplicationFilterChain.doFilter(ApplicationFilterChain.java:107)
	at org.springframework.web.filter.OncePerRequestFilter.doFilter(OncePerRequestFilter.java:110)
	at org.apache.catalina.core.ApplicationFilterChain.doFilter(ApplicationFilterChain.java:107)
	at org.springframework.web.filter.CompositeFilter$VirtualFilterChain.doFilter(CompositeFilter.java:108)
	at org.springframework.security.web.FilterChainProxy.lambda$doFilterInternal$3(FilterChainProxy.java:235)
	at org.springframework.security.web.ObservationFilterChainDecorator$FilterObservation$SimpleFilterObservation.lambda$wrap$1(ObservationFilterChainDecorator.java:493)
	at org.springframework.security.web.ObservationFilterChainDecorator$AroundFilterObservation$SimpleAroundFilterObservation.lambda$wrap$1(ObservationFilterChainDecorator.java:354)
	at org.springframework.security.web.ObservationFilterChainDecorator.lambda$wrapSecured$0(ObservationFilterChainDecorator.java:86)
	at org.springframework.security.web.ObservationFilterChainDecorator$VirtualFilterChain.doFilter(ObservationFilterChainDecorator.java:132)
	at org.springframework.security.web.access.intercept.AuthorizationFilter.doFilter(AuthorizationFilter.java:101)
	at org.springframework.security.web.ObservationFilterChainDecorator$ObservationFilter.wrapFilter(ObservationFilterChainDecorator.java:244)
	at org.springframework.security.web.ObservationFilterChainDecorator$ObservationFilter.doFilter(ObservationFilterChainDecorator.java:231)
	at org.springframework.security.web.ObservationFilterChainDecorator$VirtualFilterChain.doFilter(ObservationFilterChainDecorator.java:141)
	at org.springframework.security.web.access.ExceptionTranslationFilter.doFilter(ExceptionTranslationFilter.java:126)
	at org.springframework.security.web.access.ExceptionTranslationFilter.doFilter(ExceptionTranslationFilter.java:120)
	at org.springframework.security.web.ObservationFilterChainDecorator$ObservationFilter.wrapFilter(ObservationFilterChainDecorator.java:244)
	at org.springframework.security.web.ObservationFilterChainDecorator$ObservationFilter.doFilter(ObservationFilterChainDecorator.java:231)
	at org.springframework.security.web.ObservationFilterChainDecorator$VirtualFilterChain.doFilter(ObservationFilterChainDecorator.java:141)
	at org.springframework.security.web.session.SessionManagementFilter.doFilter(SessionManagementFilter.java:132)
	at org.springframework.security.web.session.SessionManagementFilter.doFilter(SessionManagementFilter.java:86)
	at org.springframework.security.web.ObservationFilterChainDecorator$ObservationFilter.wrapFilter(ObservationFilterChainDecorator.java:244)
	at org.springframework.security.web.ObservationFilterChainDecorator$ObservationFilter.doFilter(ObservationFilterChainDecorator.java:231)
	at org.springframework.security.web.ObservationFilterChainDecorator$VirtualFilterChain.doFilter(ObservationFilterChainDecorator.java:141)
	at org.springframework.security.web.authentication.AnonymousAuthenticationFilter.doFilter(AnonymousAuthenticationFilter.java:100)
	at org.springframework.security.web.ObservationFilterChainDecorator$ObservationFilter.wrapFilter(ObservationFilterChainDecorator.java:244)
	at org.springframework.security.web.ObservationFilterChainDecorator$ObservationFilter.doFilter(ObservationFilterChainDecorator.java:231)
	at org.springframework.security.web.ObservationFilterChainDecorator$VirtualFilterChain.doFilter(ObservationFilterChainDecorator.java:141)
	at org.springframework.security.web.servletapi.SecurityContextHolderAwareRequestFilter.doFilter(SecurityContextHolderAwareRequestFilter.java:181)
	at org.springframework.security.web.ObservationFilterChainDecorator$ObservationFilter.wrapFilter(ObservationFilterChainDecorator.java:244)
	at org.springframework.security.web.ObservationFilterChainDecorator$ObservationFilter.doFilter(ObservationFilterChainDecorator.java:231)
	at org.springframework.security.web.ObservationFilterChainDecorator$VirtualFilterChain.doFilter(ObservationFilterChainDecorator.java:141)
	at org.springframework.security.web.savedrequest.RequestCacheAwareFilter.doFilter(RequestCacheAwareFilter.java:63)
	at org.springframework.security.web.ObservationFilterChainDecorator$ObservationFilter.wrapFilter(ObservationFilterChainDecorator.java:244)
	at org.springframework.security.web.ObservationFilterChainDecorator$ObservationFilter.doFilter(ObservationFilterChainDecorator.java:231)
	at org.springframework.security.web.ObservationFilterChainDecorator$VirtualFilterChain.doFilter(ObservationFilterChainDecorator.java:141)
	at com.paeldav.backend.infraestructure.security.JwtAuthenticationFilter.doFilterInternal(JwtAuthenticationFilter.java:92)
	at org.springframework.web.filter.OncePerRequestFilter.doFilter(OncePerRequestFilter.java:116)
	at org.springframework.security.web.ObservationFilterChainDecorator$ObservationFilter.wrapFilter(ObservationFilterChainDecorator.java:244)
	at org.springframework.security.web.ObservationFilterChainDecorator$ObservationFilter.doFilter(ObservationFilterChainDecorator.java:231)
	at org.springframework.security.web.ObservationFilterChainDecorator$VirtualFilterChain.doFilter(ObservationFilterChainDecorator.java:141)
	at org.springframework.security.web.authentication.logout.LogoutFilter.doFilter(LogoutFilter.java:110)
	at org.springframework.security.web.authentication.logout.LogoutFilter.doFilter(LogoutFilter.java:96)
	at org.springframework.security.web.ObservationFilterChainDecorator$ObservationFilter.wrapFilter(ObservationFilterChainDecorator.java:244)
	at org.springframework.security.web.ObservationFilterChainDecorator$ObservationFilter.doFilter(ObservationFilterChainDecorator.java:231)
	at org.springframework.security.web.ObservationFilterChainDecorator$VirtualFilterChain.doFilter(ObservationFilterChainDecorator.java:141)
	at org.springframework.web.filter.CorsFilter.doFilterInternal(CorsFilter.java:91)
	at org.springframework.web.filter.OncePerRequestFilter.doFilter(OncePerRequestFilter.java:116)
	at org.springframework.security.web.ObservationFilterChainDecorator$ObservationFilter.wrapFilter(ObservationFilterChainDecorator.java:244)
	at org.springframework.security.web.ObservationFilterChainDecorator$ObservationFilter.doFilter(ObservationFilterChainDecorator.java:231)
	at org.springframework.security.web.ObservationFilterChainDecorator$VirtualFilterChain.doFilter(ObservationFilterChainDecorator.java:141)
	at org.springframework.security.web.header.HeaderWriterFilter.doHeadersAfter(HeaderWriterFilter.java:90)
	at org.springframework.security.web.header.HeaderWriterFilter.doFilterInternal(HeaderWriterFilter.java:75)
	at org.springframework.web.filter.OncePerRequestFilter.doFilter(OncePerRequestFilter.java:116)
	at org.springframework.security.web.ObservationFilterChainDecorator$ObservationFilter.wrapFilter(ObservationFilterChainDecorator.java:244)
	at org.springframework.security.web.ObservationFilterChainDecorator$ObservationFilter.doFilter(ObservationFilterChainDecorator.java:231)
	at org.springframework.security.web.ObservationFilterChainDecorator$VirtualFilterChain.doFilter(ObservationFilterChainDecorator.java:141)
	at org.springframework.security.web.context.SecurityContextHolderFilter.doFilter(SecurityContextHolderFilter.java:82)
	at org.springframework.security.web.context.SecurityContextHolderFilter.doFilter(SecurityContextHolderFilter.java:69)
	at org.springframework.security.web.ObservationFilterChainDecorator$ObservationFilter.wrapFilter(ObservationFilterChainDecorator.java:244)
	at org.springframework.security.web.ObservationFilterChainDecorator$ObservationFilter.doFilter(ObservationFilterChainDecorator.java:231)
	at org.springframework.security.web.ObservationFilterChainDecorator$VirtualFilterChain.doFilter(ObservationFilterChainDecorator.java:141)
	at org.springframework.security.web.context.request.async.WebAsyncManagerIntegrationFilter.doFilterInternal(WebAsyncManagerIntegrationFilter.java:62)
	at org.springframework.web.filter.OncePerRequestFilter.doFilter(OncePerRequestFilter.java:116)
	at org.springframework.security.web.ObservationFilterChainDecorator$ObservationFilter.wrapFilter(ObservationFilterChainDecorator.java:244)
	at org.springframework.security.web.ObservationFilterChainDecorator$ObservationFilter.doFilter(ObservationFilterChainDecorator.java:231)
	at org.springframework.security.web.ObservationFilterChainDecorator$VirtualFilterChain.doFilter(ObservationFilterChainDecorator.java:141)
	at org.springframework.security.web.session.DisableEncodeUrlFilter.doFilterInternal(DisableEncodeUrlFilter.java:42)
	at org.springframework.web.filter.OncePerRequestFilter.doFilter(OncePerRequestFilter.java:116)
	at org.springframework.security.web.ObservationFilterChainDecorator$ObservationFilter.wrapFilter(ObservationFilterChainDecorator.java:244)
	at org.springframework.security.web.ObservationFilterChainDecorator$AroundFilterObservation$SimpleAroundFilterObservation.lambda$wrap$0(ObservationFilterChainDecorator.java:337)
	at org.springframework.security.web.ObservationFilterChainDecorator$ObservationFilter.doFilter(ObservationFilterChainDecorator.java:228)
	at org.springframework.security.web.ObservationFilterChainDecorator$VirtualFilterChain.doFilter(ObservationFilterChainDecorator.java:141)
	at org.springframework.security.web.FilterChainProxy.doFilterInternal(FilterChainProxy.java:237)
	at org.springframework.security.web.FilterChainProxy.doFilter(FilterChainProxy.java:195)
	at org.springframework.web.filter.CompositeFilter$VirtualFilterChain.doFilter(CompositeFilter.java:113)
	at org.springframework.web.filter.ServletRequestPathFilter.doFilter(ServletRequestPathFilter.java:52)
	at org.springframework.web.filter.CompositeFilter$VirtualFilterChain.doFilter(CompositeFilter.java:113)
	at org.springframework.web.filter.CompositeFilter.doFilter(CompositeFilter.java:74)
	at org.springframework.security.config.annotation.web.configuration.WebSecurityConfiguration$CompositeFilterChainProxy.doFilter(WebSecurityConfiguration.java:317)
	at org.springframework.web.filter.DelegatingFilterProxy.invokeDelegate(DelegatingFilterProxy.java:355)
	at org.springframework.web.filter.DelegatingFilterProxy.doFilter(DelegatingFilterProxy.java:272)
	at org.apache.catalina.core.ApplicationFilterChain.doFilter(ApplicationFilterChain.java:107)
	at org.springframework.web.filter.RequestContextFilter.doFilterInternal(RequestContextFilter.java:100)
	at org.springframework.web.filter.OncePerRequestFilter.doFilter(OncePerRequestFilter.java:116)
	at org.apache.catalina.core.ApplicationFilterChain.doFilter(ApplicationFilterChain.java:107)
	at org.springframework.web.filter.FormContentFilter.doFilterInternal(FormContentFilter.java:93)
	at org.springframework.web.filter.OncePerRequestFilter.doFilter(OncePerRequestFilter.java:116)
	at org.apache.catalina.core.ApplicationFilterChain.doFilter(ApplicationFilterChain.java:107)
	at org.springframework.web.filter.ServerHttpObservationFilter.doFilterInternal(ServerHttpObservationFilter.java:110)
	at org.springframework.web.filter.OncePerRequestFilter.doFilter(OncePerRequestFilter.java:116)
	at org.apache.catalina.core.ApplicationFilterChain.doFilter(ApplicationFilterChain.java:107)
	at org.springframework.web.filter.CharacterEncodingFilter.doFilterInternal(CharacterEncodingFilter.java:199)
	at org.springframework.web.filter.OncePerRequestFilter.doFilter(OncePerRequestFilter.java:116)
	at org.apache.catalina.core.ApplicationFilterChain.doFilter(ApplicationFilterChain.java:107)
	at org.apache.catalina.core.StandardWrapperValve.invoke(StandardWrapperValve.java:165)
	at org.apache.catalina.core.StandardContextValve.invoke(StandardContextValve.java:77)
	at org.apache.catalina.authenticator.AuthenticatorBase.invoke(AuthenticatorBase.java:482)
	at org.apache.catalina.core.StandardHostValve.invoke(StandardHostValve.java:113)
	at org.apache.catalina.valves.ErrorReportValve.invoke(ErrorReportValve.java:83)
	at org.apache.catalina.core.StandardEngineValve.invoke(StandardEngineValve.java:72)
	at org.apache.catalina.connector.CoyoteAdapter.service(CoyoteAdapter.java:341)
	at org.apache.coyote.http11.Http11Processor.service(Http11Processor.java:397)
	at org.apache.coyote.AbstractProcessorLight.process(AbstractProcessorLight.java:63)
	at org.apache.coyote.AbstractProtocol$ConnectionHandler.process(AbstractProtocol.java:903)
	at org.apache.tomcat.util.net.NioEndpoint$SocketProcessor.doRun(NioEndpoint.java:1778)
	at org.apache.tomcat.util.net.SocketProcessorBase.run(SocketProcessorBase.java:52)
	at org.apache.tomcat.util.threads.ThreadPoolExecutor.runWorker(ThreadPoolExecutor.java:946)
	at org.apache.tomcat.util.threads.ThreadPoolExecutor$Worker.run(ThreadPoolExecutor.java:480)
	at org.apache.tomcat.util.threads.TaskThread$WrappingRunnable.run(TaskThread.java:57)
	at java.base/java.lang.Thread.run(Thread.java:1583)
Caused by: java.net.SocketException: Connection reset
	at java.base/sun.nio.ch.NioSocketImpl.implRead(NioSocketImpl.java:318)
	at java.base/sun.nio.ch.NioSocketImpl.read(NioSocketImpl.java:346)
	at java.base/sun.nio.ch.NioSocketImpl$1.read(NioSocketImpl.java:796)
	at java.base/java.net.Socket$SocketInputStream.read(Socket.java:1099)
	at java.base/sun.security.ssl.SSLSocketInputRecord.read(SSLSocketInputRecord.java:489)
	at java.base/sun.security.ssl.SSLSocketInputRecord.readHeader(SSLSocketInputRecord.java:483)
	at java.base/sun.security.ssl.SSLSocketInputRecord.bytesInCompletePacket(SSLSocketInputRecord.java:70)
	at java.base/sun.security.ssl.SSLSocketImpl.readApplicationRecord(SSLSocketImpl.java:1461)
	at java.base/sun.security.ssl.SSLSocketImpl$AppInputStream.read(SSLSocketImpl.java:1066)
	at org.postgresql.core.VisibleBufferedInputStream.readMore(VisibleBufferedInputStream.java:192)
	at org.postgresql.core.VisibleBufferedInputStream.ensureBytes(VisibleBufferedInputStream.java:159)
	at org.postgresql.core.VisibleBufferedInputStream.ensureBytes(VisibleBufferedInputStream.java:144)
	at org.postgresql.core.VisibleBufferedInputStream.read(VisibleBufferedInputStream.java:76)
	at org.postgresql.core.PGStream.receiveChar(PGStream.java:477)
	at org.postgresql.core.v3.QueryExecutorImpl.processResults(QueryExecutorImpl.java:2285)
	at org.postgresql.core.v3.QueryExecutorImpl.execute(QueryExecutorImpl.java:429)
	... 182 common frames omitted
2026-04-18 19:45:00 WARN  [http-nio-8081-exec-5] org.hibernate.orm.jdbc.error - HHH000247: ErrorCode: 0, SQLState: 08006
2026-04-18 19:45:00 WARN  [http-nio-8081-exec-5] org.hibernate.orm.jdbc.error - An I/O error occurred while sending to the backend.
2026-04-18 19:45:00 ERROR [http-nio-8081-exec-5] o.s.t.i.TransactionInterceptor - Application exception overridden by rollback exception
org.springframework.dao.DataAccessResourceFailureException: JDBC exception executing SQL [An I/O error occurred while sending to the backend.] [select v1_0.id,v1_0.aeronave_id,v1_0.costo_estimado,v1_0.destino,v1_0.estado,v1_0.fecha_llegada_programada,v1_0.fecha_llegada_real,v1_0.fecha_salida_programada,v1_0.fecha_salida_real,v1_0.fecha_solicitud,v1_0.numero_pasajeros,v1_0.observaciones,v1_0.origen,v1_0.proposito,v1_0.usuario_id from vuelos v1_0 where v1_0.usuario_id=?]
	at org.springframework.orm.jpa.hibernate.HibernateExceptionTranslator.convertHibernateAccessException(HibernateExceptionTranslator.java:153)
	at org.springframework.orm.jpa.hibernate.HibernateExceptionTranslator.convertHibernateAccessException(HibernateExceptionTranslator.java:131)
	at org.springframework.orm.jpa.hibernate.HibernateExceptionTranslator.translateExceptionIfPossible(HibernateExceptionTranslator.java:105)
	at org.springframework.orm.jpa.vendor.HibernateJpaDialect.translateExceptionIfPossible(HibernateJpaDialect.java:199)
	at org.springframework.orm.jpa.AbstractEntityManagerFactoryBean.translateExceptionIfPossible(AbstractEntityManagerFactoryBean.java:556)
	at org.springframework.dao.support.ChainedPersistenceExceptionTranslator.translateExceptionIfPossible(ChainedPersistenceExceptionTranslator.java:61)
	at org.springframework.dao.support.DataAccessUtils.translateIfNecessary(DataAccessUtils.java:346)
	at org.springframework.dao.support.PersistenceExceptionTranslationInterceptor.invoke(PersistenceExceptionTranslationInterceptor.java:157)
	at org.springframework.aop.framework.ReflectiveMethodInvocation.proceed(ReflectiveMethodInvocation.java:179)
	at org.springframework.data.jpa.repository.support.CrudMethodMetadataPostProcessor$CrudMethodMetadataPopulatingMethodInterceptor.invoke(CrudMethodMetadataPostProcessor.java:137)
	at org.springframework.aop.framework.ReflectiveMethodInvocation.proceed(ReflectiveMethodInvocation.java:179)
	at org.springframework.aop.framework.JdkDynamicAopProxy.invoke(JdkDynamicAopProxy.java:222)
	at jdk.proxy2/jdk.proxy2.$Proxy182.findByUsuarioId(Unknown Source)
	at com.paeldav.backend.application.service.impl.VueloServiceImpl.obtenerVuelosPorUsuario(VueloServiceImpl.java:487)
	at java.base/jdk.internal.reflect.DirectMethodHandleAccessor.invoke(DirectMethodHandleAccessor.java:103)
	at java.base/java.lang.reflect.Method.invoke(Method.java:580)
	at org.springframework.aop.support.AopUtils.invokeJoinpointUsingReflection(AopUtils.java:359)
	at org.springframework.aop.framework.ReflectiveMethodInvocation.invokeJoinpoint(ReflectiveMethodInvocation.java:190)
	at org.springframework.aop.framework.ReflectiveMethodInvocation.proceed(ReflectiveMethodInvocation.java:158)
	at org.springframework.transaction.interceptor.TransactionInterceptor$1.proceedWithInvocation(TransactionInterceptor.java:133)
	at org.springframework.transaction.interceptor.TransactionAspectSupport.invokeWithinTransaction(TransactionAspectSupport.java:371)
	at org.springframework.transaction.interceptor.TransactionInterceptor.invoke(TransactionInterceptor.java:130)
	at org.springframework.aop.framework.ReflectiveMethodInvocation.proceed(ReflectiveMethodInvocation.java:179)
	at org.springframework.aop.framework.CglibAopProxy$DynamicAdvisedInterceptor.intercept(CglibAopProxy.java:719)
	at com.paeldav.backend.application.service.impl.VueloServiceImpl$$SpringCGLIB$$0.obtenerVuelosPorUsuario(<generated>)
	at com.paeldav.backend.presentation.controller.VueloController.obtenerVuelosPorUsuario(VueloController.java:204)
	at java.base/jdk.internal.reflect.DirectMethodHandleAccessor.invoke(DirectMethodHandleAccessor.java:103)
	at java.base/java.lang.reflect.Method.invoke(Method.java:580)
	at org.springframework.web.method.support.InvocableHandlerMethod.doInvoke(InvocableHandlerMethod.java:258)
	at org.springframework.web.method.support.InvocableHandlerMethod.invokeForRequest(InvocableHandlerMethod.java:190)
	at org.springframework.web.servlet.mvc.method.annotation.ServletInvocableHandlerMethod.invokeAndHandle(ServletInvocableHandlerMethod.java:117)
	at org.springframework.web.servlet.mvc.method.annotation.RequestMappingHandlerAdapter.invokeHandlerMethod(RequestMappingHandlerAdapter.java:934)
	at org.springframework.web.servlet.mvc.method.annotation.RequestMappingHandlerAdapter.handleInternal(RequestMappingHandlerAdapter.java:853)
	at org.springframework.web.servlet.mvc.method.AbstractHandlerMethodAdapter.handle(AbstractHandlerMethodAdapter.java:86)
	at org.springframework.web.servlet.DispatcherServlet.doDispatch(DispatcherServlet.java:963)
	at org.springframework.web.servlet.DispatcherServlet.doService(DispatcherServlet.java:866)
	at org.springframework.web.servlet.FrameworkServlet.processRequest(FrameworkServlet.java:1003)
	at org.springframework.web.servlet.FrameworkServlet.doGet(FrameworkServlet.java:892)
	at jakarta.servlet.http.HttpServlet.service(HttpServlet.java:622)
	at org.springframework.web.servlet.FrameworkServlet.service(FrameworkServlet.java:874)
	at jakarta.servlet.http.HttpServlet.service(HttpServlet.java:710)
	at org.apache.catalina.core.ApplicationFilterChain.doFilter(ApplicationFilterChain.java:128)
	at org.apache.tomcat.websocket.server.WsFilter.doFilter(WsFilter.java:53)
	at org.apache.catalina.core.ApplicationFilterChain.doFilter(ApplicationFilterChain.java:107)
	at org.springframework.web.filter.OncePerRequestFilter.doFilter(OncePerRequestFilter.java:110)
	at org.apache.catalina.core.ApplicationFilterChain.doFilter(ApplicationFilterChain.java:107)
	at org.springframework.web.filter.CompositeFilter$VirtualFilterChain.doFilter(CompositeFilter.java:108)
	at org.springframework.security.web.FilterChainProxy.lambda$doFilterInternal$3(FilterChainProxy.java:235)
	at org.springframework.security.web.ObservationFilterChainDecorator$FilterObservation$SimpleFilterObservation.lambda$wrap$1(ObservationFilterChainDecorator.java:493)
	at org.springframework.security.web.ObservationFilterChainDecorator$AroundFilterObservation$SimpleAroundFilterObservation.lambda$wrap$1(ObservationFilterChainDecorator.java:354)
	at org.springframework.security.web.ObservationFilterChainDecorator.lambda$wrapSecured$0(ObservationFilterChainDecorator.java:86)
	at org.springframework.security.web.ObservationFilterChainDecorator$VirtualFilterChain.doFilter(ObservationFilterChainDecorator.java:132)
	at org.springframework.security.web.access.intercept.AuthorizationFilter.doFilter(AuthorizationFilter.java:101)
	at org.springframework.security.web.ObservationFilterChainDecorator$ObservationFilter.wrapFilter(ObservationFilterChainDecorator.java:244)
	at org.springframework.security.web.ObservationFilterChainDecorator$ObservationFilter.doFilter(ObservationFilterChainDecorator.java:231)
	at org.springframework.security.web.ObservationFilterChainDecorator$VirtualFilterChain.doFilter(ObservationFilterChainDecorator.java:141)
	at org.springframework.security.web.access.ExceptionTranslationFilter.doFilter(ExceptionTranslationFilter.java:126)
	at org.springframework.security.web.access.ExceptionTranslationFilter.doFilter(ExceptionTranslationFilter.java:120)
	at org.springframework.security.web.ObservationFilterChainDecorator$ObservationFilter.wrapFilter(ObservationFilterChainDecorator.java:244)
	at org.springframework.security.web.ObservationFilterChainDecorator$ObservationFilter.doFilter(ObservationFilterChainDecorator.java:231)
	at org.springframework.security.web.ObservationFilterChainDecorator$VirtualFilterChain.doFilter(ObservationFilterChainDecorator.java:141)
	at org.springframework.security.web.session.SessionManagementFilter.doFilter(SessionManagementFilter.java:132)
	at org.springframework.security.web.session.SessionManagementFilter.doFilter(SessionManagementFilter.java:86)
	at org.springframework.security.web.ObservationFilterChainDecorator$ObservationFilter.wrapFilter(ObservationFilterChainDecorator.java:244)
	at org.springframework.security.web.ObservationFilterChainDecorator$ObservationFilter.doFilter(ObservationFilterChainDecorator.java:231)
	at org.springframework.security.web.ObservationFilterChainDecorator$VirtualFilterChain.doFilter(ObservationFilterChainDecorator.java:141)
	at org.springframework.security.web.authentication.AnonymousAuthenticationFilter.doFilter(AnonymousAuthenticationFilter.java:100)
	at org.springframework.security.web.ObservationFilterChainDecorator$ObservationFilter.wrapFilter(ObservationFilterChainDecorator.java:244)
	at org.springframework.security.web.ObservationFilterChainDecorator$ObservationFilter.doFilter(ObservationFilterChainDecorator.java:231)
	at org.springframework.security.web.ObservationFilterChainDecorator$VirtualFilterChain.doFilter(ObservationFilterChainDecorator.java:141)
	at org.springframework.security.web.servletapi.SecurityContextHolderAwareRequestFilter.doFilter(SecurityContextHolderAwareRequestFilter.java:181)
	at org.springframework.security.web.ObservationFilterChainDecorator$ObservationFilter.wrapFilter(ObservationFilterChainDecorator.java:244)
	at org.springframework.security.web.ObservationFilterChainDecorator$ObservationFilter.doFilter(ObservationFilterChainDecorator.java:231)
	at org.springframework.security.web.ObservationFilterChainDecorator$VirtualFilterChain.doFilter(ObservationFilterChainDecorator.java:141)
	at org.springframework.security.web.savedrequest.RequestCacheAwareFilter.doFilter(RequestCacheAwareFilter.java:63)
	at org.springframework.security.web.ObservationFilterChainDecorator$ObservationFilter.wrapFilter(ObservationFilterChainDecorator.java:244)
	at org.springframework.security.web.ObservationFilterChainDecorator$ObservationFilter.doFilter(ObservationFilterChainDecorator.java:231)
	at org.springframework.security.web.ObservationFilterChainDecorator$VirtualFilterChain.doFilter(ObservationFilterChainDecorator.java:141)
	at com.paeldav.backend.infraestructure.security.JwtAuthenticationFilter.doFilterInternal(JwtAuthenticationFilter.java:92)
	at org.springframework.web.filter.OncePerRequestFilter.doFilter(OncePerRequestFilter.java:116)
	at org.springframework.security.web.ObservationFilterChainDecorator$ObservationFilter.wrapFilter(ObservationFilterChainDecorator.java:244)
	at org.springframework.security.web.ObservationFilterChainDecorator$ObservationFilter.doFilter(ObservationFilterChainDecorator.java:231)
	at org.springframework.security.web.ObservationFilterChainDecorator$VirtualFilterChain.doFilter(ObservationFilterChainDecorator.java:141)
	at org.springframework.security.web.authentication.logout.LogoutFilter.doFilter(LogoutFilter.java:110)
	at org.springframework.security.web.authentication.logout.LogoutFilter.doFilter(LogoutFilter.java:96)
	at org.springframework.security.web.ObservationFilterChainDecorator$ObservationFilter.wrapFilter(ObservationFilterChainDecorator.java:244)
	at org.springframework.security.web.ObservationFilterChainDecorator$ObservationFilter.doFilter(ObservationFilterChainDecorator.java:231)
	at org.springframework.security.web.ObservationFilterChainDecorator$VirtualFilterChain.doFilter(ObservationFilterChainDecorator.java:141)
	at org.springframework.web.filter.CorsFilter.doFilterInternal(CorsFilter.java:91)
	at org.springframework.web.filter.OncePerRequestFilter.doFilter(OncePerRequestFilter.java:116)
	at org.springframework.security.web.ObservationFilterChainDecorator$ObservationFilter.wrapFilter(ObservationFilterChainDecorator.java:244)
	at org.springframework.security.web.ObservationFilterChainDecorator$ObservationFilter.doFilter(ObservationFilterChainDecorator.java:231)
	at org.springframework.security.web.ObservationFilterChainDecorator$VirtualFilterChain.doFilter(ObservationFilterChainDecorator.java:141)
	at org.springframework.security.web.header.HeaderWriterFilter.doHeadersAfter(HeaderWriterFilter.java:90)
	at org.springframework.security.web.header.HeaderWriterFilter.doFilterInternal(HeaderWriterFilter.java:75)
	at org.springframework.web.filter.OncePerRequestFilter.doFilter(OncePerRequestFilter.java:116)
	at org.springframework.security.web.ObservationFilterChainDecorator$ObservationFilter.wrapFilter(ObservationFilterChainDecorator.java:244)
	at org.springframework.security.web.ObservationFilterChainDecorator$ObservationFilter.doFilter(ObservationFilterChainDecorator.java:231)
	at org.springframework.security.web.ObservationFilterChainDecorator$VirtualFilterChain.doFilter(ObservationFilterChainDecorator.java:141)
	at org.springframework.security.web.context.SecurityContextHolderFilter.doFilter(SecurityContextHolderFilter.java:82)
	at org.springframework.security.web.context.SecurityContextHolderFilter.doFilter(SecurityContextHolderFilter.java:69)
	at org.springframework.security.web.ObservationFilterChainDecorator$ObservationFilter.wrapFilter(ObservationFilterChainDecorator.java:244)
	at org.springframework.security.web.ObservationFilterChainDecorator$ObservationFilter.doFilter(ObservationFilterChainDecorator.java:231)
	at org.springframework.security.web.ObservationFilterChainDecorator$VirtualFilterChain.doFilter(ObservationFilterChainDecorator.java:141)
	at org.springframework.security.web.context.request.async.WebAsyncManagerIntegrationFilter.doFilterInternal(WebAsyncManagerIntegrationFilter.java:62)
	at org.springframework.web.filter.OncePerRequestFilter.doFilter(OncePerRequestFilter.java:116)
	at org.springframework.security.web.ObservationFilterChainDecorator$ObservationFilter.wrapFilter(ObservationFilterChainDecorator.java:244)
	at org.springframework.security.web.ObservationFilterChainDecorator$ObservationFilter.doFilter(ObservationFilterChainDecorator.java:231)
	at org.springframework.security.web.ObservationFilterChainDecorator$VirtualFilterChain.doFilter(ObservationFilterChainDecorator.java:141)
	at org.springframework.security.web.session.DisableEncodeUrlFilter.doFilterInternal(DisableEncodeUrlFilter.java:42)
	at org.springframework.web.filter.OncePerRequestFilter.doFilter(OncePerRequestFilter.java:116)
	at org.springframework.security.web.ObservationFilterChainDecorator$ObservationFilter.wrapFilter(ObservationFilterChainDecorator.java:244)
	at org.springframework.security.web.ObservationFilterChainDecorator$AroundFilterObservation$SimpleAroundFilterObservation.lambda$wrap$0(ObservationFilterChainDecorator.java:337)
	at org.springframework.security.web.ObservationFilterChainDecorator$ObservationFilter.doFilter(ObservationFilterChainDecorator.java:228)
	at org.springframework.security.web.ObservationFilterChainDecorator$VirtualFilterChain.doFilter(ObservationFilterChainDecorator.java:141)
	at org.springframework.security.web.FilterChainProxy.doFilterInternal(FilterChainProxy.java:237)
	at org.springframework.security.web.FilterChainProxy.doFilter(FilterChainProxy.java:195)
	at org.springframework.web.filter.CompositeFilter$VirtualFilterChain.doFilter(CompositeFilter.java:113)
	at org.springframework.web.filter.ServletRequestPathFilter.doFilter(ServletRequestPathFilter.java:52)
	at org.springframework.web.filter.CompositeFilter$VirtualFilterChain.doFilter(CompositeFilter.java:113)
	at org.springframework.web.filter.CompositeFilter.doFilter(CompositeFilter.java:74)
	at org.springframework.security.config.annotation.web.configuration.WebSecurityConfiguration$CompositeFilterChainProxy.doFilter(WebSecurityConfiguration.java:317)
	at org.springframework.web.filter.DelegatingFilterProxy.invokeDelegate(DelegatingFilterProxy.java:355)
	at org.springframework.web.filter.DelegatingFilterProxy.doFilter(DelegatingFilterProxy.java:272)
	at org.apache.catalina.core.ApplicationFilterChain.doFilter(ApplicationFilterChain.java:107)
	at org.springframework.web.filter.RequestContextFilter.doFilterInternal(RequestContextFilter.java:100)
	at org.springframework.web.filter.OncePerRequestFilter.doFilter(OncePerRequestFilter.java:116)
	at org.apache.catalina.core.ApplicationFilterChain.doFilter(ApplicationFilterChain.java:107)
	at org.springframework.web.filter.FormContentFilter.doFilterInternal(FormContentFilter.java:93)
	at org.springframework.web.filter.OncePerRequestFilter.doFilter(OncePerRequestFilter.java:116)
	at org.apache.catalina.core.ApplicationFilterChain.doFilter(ApplicationFilterChain.java:107)
	at org.springframework.web.filter.ServerHttpObservationFilter.doFilterInternal(ServerHttpObservationFilter.java:110)
	at org.springframework.web.filter.OncePerRequestFilter.doFilter(OncePerRequestFilter.java:116)
	at org.apache.catalina.core.ApplicationFilterChain.doFilter(ApplicationFilterChain.java:107)
	at org.springframework.web.filter.CharacterEncodingFilter.doFilterInternal(CharacterEncodingFilter.java:199)
	at org.springframework.web.filter.OncePerRequestFilter.doFilter(OncePerRequestFilter.java:116)
	at org.apache.catalina.core.ApplicationFilterChain.doFilter(ApplicationFilterChain.java:107)
	at org.apache.catalina.core.StandardWrapperValve.invoke(StandardWrapperValve.java:165)
	at org.apache.catalina.core.StandardContextValve.invoke(StandardContextValve.java:77)
	at org.apache.catalina.authenticator.AuthenticatorBase.invoke(AuthenticatorBase.java:482)
	at org.apache.catalina.core.StandardHostValve.invoke(StandardHostValve.java:113)
	at org.apache.catalina.valves.ErrorReportValve.invoke(ErrorReportValve.java:83)
	at org.apache.catalina.core.StandardEngineValve.invoke(StandardEngineValve.java:72)
	at org.apache.catalina.connector.CoyoteAdapter.service(CoyoteAdapter.java:341)
	at org.apache.coyote.http11.Http11Processor.service(Http11Processor.java:397)
	at org.apache.coyote.AbstractProcessorLight.process(AbstractProcessorLight.java:63)
	at org.apache.coyote.AbstractProtocol$ConnectionHandler.process(AbstractProtocol.java:903)
	at org.apache.tomcat.util.net.NioEndpoint$SocketProcessor.doRun(NioEndpoint.java:1778)
	at org.apache.tomcat.util.net.SocketProcessorBase.run(SocketProcessorBase.java:52)
	at org.apache.tomcat.util.threads.ThreadPoolExecutor.runWorker(ThreadPoolExecutor.java:946)
	at org.apache.tomcat.util.threads.ThreadPoolExecutor$Worker.run(ThreadPoolExecutor.java:480)
	at org.apache.tomcat.util.threads.TaskThread$WrappingRunnable.run(TaskThread.java:57)
	at java.base/java.lang.Thread.run(Thread.java:1583)
Caused by: org.hibernate.exception.JDBCConnectionException: JDBC exception executing SQL [An I/O error occurred while sending to the backend.] [select v1_0.id,v1_0.aeronave_id,v1_0.costo_estimado,v1_0.destino,v1_0.estado,v1_0.fecha_llegada_programada,v1_0.fecha_llegada_real,v1_0.fecha_salida_programada,v1_0.fecha_salida_real,v1_0.fecha_solicitud,v1_0.numero_pasajeros,v1_0.observaciones,v1_0.origen,v1_0.proposito,v1_0.usuario_id from vuelos v1_0 where v1_0.usuario_id=?]
	at org.hibernate.exception.internal.SQLStateConversionDelegate.convert(SQLStateConversionDelegate.java:80)
	at org.hibernate.exception.internal.StandardSQLExceptionConverter.convert(StandardSQLExceptionConverter.java:34)
	at org.hibernate.engine.jdbc.spi.SqlExceptionHelper.convert(SqlExceptionHelper.java:115)
	at org.hibernate.sql.results.jdbc.internal.DeferredResultSetAccess.executeQuery(DeferredResultSetAccess.java:290)
	at org.hibernate.sql.results.jdbc.internal.DeferredResultSetAccess.getResultSet(DeferredResultSetAccess.java:190)
	at org.hibernate.sql.results.jdbc.internal.JdbcValuesResultSetImpl.<init>(JdbcValuesResultSetImpl.java:71)
	at org.hibernate.sql.exec.internal.JdbcSelectExecutorStandardImpl.resolveJdbcValues(JdbcSelectExecutorStandardImpl.java:393)
	at org.hibernate.sql.exec.internal.JdbcSelectExecutorStandardImpl.resolveJdbcValuesSource(JdbcSelectExecutorStandardImpl.java:354)
	at org.hibernate.sql.exec.internal.JdbcSelectExecutorStandardImpl.doExecuteQuery(JdbcSelectExecutorStandardImpl.java:135)
	at org.hibernate.sql.exec.internal.JdbcSelectExecutorStandardImpl.executeQuery(JdbcSelectExecutorStandardImpl.java:100)
	at org.hibernate.sql.exec.spi.JdbcSelectExecutor.executeQuery(JdbcSelectExecutor.java:63)
	at org.hibernate.sql.exec.spi.JdbcSelectExecutor.list(JdbcSelectExecutor.java:137)
	at org.hibernate.query.sqm.internal.ConcreteSqmSelectQueryPlan.lambda$new$1(ConcreteSqmSelectQueryPlan.java:128)
	at org.hibernate.query.sqm.internal.ConcreteSqmSelectQueryPlan.withCacheableSqmInterpretation(ConcreteSqmSelectQueryPlan.java:427)
	at org.hibernate.query.sqm.internal.ConcreteSqmSelectQueryPlan.performList(ConcreteSqmSelectQueryPlan.java:355)
	at org.hibernate.query.sqm.internal.SqmQueryImpl.doList(SqmQueryImpl.java:374)
	at org.hibernate.query.spi.AbstractSelectionQuery.list(AbstractSelectionQuery.java:153)
	at org.hibernate.query.Query.getResultList(Query.java:121)
	at org.springframework.data.jpa.repository.query.JpaQueryExecution$CollectionExecution.doExecute(JpaQueryExecution.java:132)
	at org.springframework.data.jpa.repository.query.JpaQueryExecution.execute(JpaQueryExecution.java:99)
	at org.springframework.data.jpa.repository.query.AbstractJpaQuery.doExecute(AbstractJpaQuery.java:164)
	at org.springframework.data.jpa.repository.query.AbstractJpaQuery.execute(AbstractJpaQuery.java:154)
	at org.springframework.data.repository.core.support.RepositoryMethodInvoker.doInvoke(RepositoryMethodInvoker.java:169)
	at org.springframework.data.repository.core.support.RepositoryMethodInvoker.invoke(RepositoryMethodInvoker.java:158)
	at org.springframework.data.repository.core.support.QueryExecutorMethodInterceptor.doInvoke(QueryExecutorMethodInterceptor.java:167)
	at org.springframework.data.repository.core.support.QueryExecutorMethodInterceptor.invoke(QueryExecutorMethodInterceptor.java:146)
	at org.springframework.aop.framework.ReflectiveMethodInvocation.proceed(ReflectiveMethodInvocation.java:179)
	at org.springframework.data.projection.DefaultMethodInvokingMethodInterceptor.invoke(DefaultMethodInvokingMethodInterceptor.java:69)
	at org.springframework.aop.framework.ReflectiveMethodInvocation.proceed(ReflectiveMethodInvocation.java:179)
	at org.springframework.transaction.interceptor.TransactionInterceptor$1.proceedWithInvocation(TransactionInterceptor.java:133)
	at org.springframework.transaction.interceptor.TransactionAspectSupport.invokeWithinTransaction(TransactionAspectSupport.java:371)
	at org.springframework.transaction.interceptor.TransactionInterceptor.invoke(TransactionInterceptor.java:130)
	at org.springframework.aop.framework.ReflectiveMethodInvocation.proceed(ReflectiveMethodInvocation.java:179)
	at org.springframework.dao.support.PersistenceExceptionTranslationInterceptor.invoke(PersistenceExceptionTranslationInterceptor.java:135)
	... 145 common frames omitted
Caused by: org.postgresql.util.PSQLException: An I/O error occurred while sending to the backend.
	at org.postgresql.core.v3.QueryExecutorImpl.execute(QueryExecutorImpl.java:456)
	at org.postgresql.jdbc.PgStatement.executeInternal(PgStatement.java:526)
	at org.postgresql.jdbc.PgStatement.execute(PgStatement.java:436)
	at org.postgresql.jdbc.PgPreparedStatement.executeWithFlags(PgPreparedStatement.java:196)
	at org.postgresql.jdbc.PgPreparedStatement.executeQuery(PgPreparedStatement.java:139)
	at com.zaxxer.hikari.pool.ProxyPreparedStatement.executeQuery(ProxyPreparedStatement.java:52)
	at com.zaxxer.hikari.pool.HikariProxyPreparedStatement.executeQuery(HikariProxyPreparedStatement.java)
	at org.hibernate.sql.results.jdbc.internal.DeferredResultSetAccess.executeQuery(DeferredResultSetAccess.java:271)
	... 175 common frames omitted
Caused by: java.net.SocketException: Connection reset
	at java.base/sun.nio.ch.NioSocketImpl.implRead(NioSocketImpl.java:318)
	at java.base/sun.nio.ch.NioSocketImpl.read(NioSocketImpl.java:346)
	at java.base/sun.nio.ch.NioSocketImpl$1.read(NioSocketImpl.java:796)
	at java.base/java.net.Socket$SocketInputStream.read(Socket.java:1099)
	at java.base/sun.security.ssl.SSLSocketInputRecord.read(SSLSocketInputRecord.java:489)
	at java.base/sun.security.ssl.SSLSocketInputRecord.readHeader(SSLSocketInputRecord.java:483)
	at java.base/sun.security.ssl.SSLSocketInputRecord.bytesInCompletePacket(SSLSocketInputRecord.java:70)
	at java.base/sun.security.ssl.SSLSocketImpl.readApplicationRecord(SSLSocketImpl.java:1461)
	at java.base/sun.security.ssl.SSLSocketImpl$AppInputStream.read(SSLSocketImpl.java:1066)
	at org.postgresql.core.VisibleBufferedInputStream.readMore(VisibleBufferedInputStream.java:192)
	at org.postgresql.core.VisibleBufferedInputStream.ensureBytes(VisibleBufferedInputStream.java:159)
	at org.postgresql.core.VisibleBufferedInputStream.ensureBytes(VisibleBufferedInputStream.java:144)
	at org.postgresql.core.VisibleBufferedInputStream.read(VisibleBufferedInputStream.java:76)
	at org.postgresql.core.PGStream.receiveChar(PGStream.java:477)
	at org.postgresql.core.v3.QueryExecutorImpl.processResults(QueryExecutorImpl.java:2285)
	at org.postgresql.core.v3.QueryExecutorImpl.execute(QueryExecutorImpl.java:429)
	... 182 common frames omitted
2026-04-18 19:45:00 ERROR [http-nio-8081-exec-5] c.p.b.i.e.GlobalExceptionHandler - Error inesperado en la aplicación
org.springframework.orm.jpa.JpaSystemException: Unable to rollback against JDBC Connection
	at org.springframework.orm.jpa.hibernate.HibernateExceptionTranslator.convertHibernateAccessException(HibernateExceptionTranslator.java:223)
	at org.springframework.orm.jpa.hibernate.HibernateExceptionTranslator.convertHibernateAccessException(HibernateExceptionTranslator.java:131)
	at org.springframework.orm.jpa.hibernate.HibernateExceptionTranslator.translateExceptionIfPossible(HibernateExceptionTranslator.java:105)
	at org.springframework.orm.jpa.vendor.HibernateJpaDialect.translateExceptionIfPossible(HibernateJpaDialect.java:199)
	at org.springframework.orm.jpa.JpaTransactionManager.doRollback(JpaTransactionManager.java:584)
	at org.springframework.transaction.support.AbstractPlatformTransactionManager.processRollback(AbstractPlatformTransactionManager.java:896)
	at org.springframework.transaction.support.AbstractPlatformTransactionManager.rollback(AbstractPlatformTransactionManager.java:865)
	at org.springframework.transaction.interceptor.TransactionAspectSupport.completeTransactionAfterThrowing(TransactionAspectSupport.java:708)
	at org.springframework.transaction.interceptor.TransactionAspectSupport.invokeWithinTransaction(TransactionAspectSupport.java:375)
	at org.springframework.transaction.interceptor.TransactionInterceptor.invoke(TransactionInterceptor.java:130)
	at org.springframework.aop.framework.ReflectiveMethodInvocation.proceed(ReflectiveMethodInvocation.java:179)
	at org.springframework.aop.framework.CglibAopProxy$DynamicAdvisedInterceptor.intercept(CglibAopProxy.java:719)
	at com.paeldav.backend.application.service.impl.VueloServiceImpl$$SpringCGLIB$$0.obtenerVuelosPorUsuario(<generated>)
	at com.paeldav.backend.presentation.controller.VueloController.obtenerVuelosPorUsuario(VueloController.java:204)
	at java.base/jdk.internal.reflect.DirectMethodHandleAccessor.invoke(DirectMethodHandleAccessor.java:103)
	at java.base/java.lang.reflect.Method.invoke(Method.java:580)
	at org.springframework.web.method.support.InvocableHandlerMethod.doInvoke(InvocableHandlerMethod.java:258)
	at org.springframework.web.method.support.InvocableHandlerMethod.invokeForRequest(InvocableHandlerMethod.java:190)
	at org.springframework.web.servlet.mvc.method.annotation.ServletInvocableHandlerMethod.invokeAndHandle(ServletInvocableHandlerMethod.java:117)
	at org.springframework.web.servlet.mvc.method.annotation.RequestMappingHandlerAdapter.invokeHandlerMethod(RequestMappingHandlerAdapter.java:934)
	at org.springframework.web.servlet.mvc.method.annotation.RequestMappingHandlerAdapter.handleInternal(RequestMappingHandlerAdapter.java:853)
	at org.springframework.web.servlet.mvc.method.AbstractHandlerMethodAdapter.handle(AbstractHandlerMethodAdapter.java:86)
	at org.springframework.web.servlet.DispatcherServlet.doDispatch(DispatcherServlet.java:963)
	at org.springframework.web.servlet.DispatcherServlet.doService(DispatcherServlet.java:866)
	at org.springframework.web.servlet.FrameworkServlet.processRequest(FrameworkServlet.java:1003)
	at org.springframework.web.servlet.FrameworkServlet.doGet(FrameworkServlet.java:892)
	at jakarta.servlet.http.HttpServlet.service(HttpServlet.java:622)
	at org.springframework.web.servlet.FrameworkServlet.service(FrameworkServlet.java:874)
	at jakarta.servlet.http.HttpServlet.service(HttpServlet.java:710)
	at org.apache.catalina.core.ApplicationFilterChain.doFilter(ApplicationFilterChain.java:128)
	at org.apache.tomcat.websocket.server.WsFilter.doFilter(WsFilter.java:53)
	at org.apache.catalina.core.ApplicationFilterChain.doFilter(ApplicationFilterChain.java:107)
	at org.springframework.web.filter.OncePerRequestFilter.doFilter(OncePerRequestFilter.java:110)
	at org.apache.catalina.core.ApplicationFilterChain.doFilter(ApplicationFilterChain.java:107)
	at org.springframework.web.filter.CompositeFilter$VirtualFilterChain.doFilter(CompositeFilter.java:108)
	at org.springframework.security.web.FilterChainProxy.lambda$doFilterInternal$3(FilterChainProxy.java:235)
	at org.springframework.security.web.ObservationFilterChainDecorator$FilterObservation$SimpleFilterObservation.lambda$wrap$1(ObservationFilterChainDecorator.java:493)
	at org.springframework.security.web.ObservationFilterChainDecorator$AroundFilterObservation$SimpleAroundFilterObservation.lambda$wrap$1(ObservationFilterChainDecorator.java:354)
	at org.springframework.security.web.ObservationFilterChainDecorator.lambda$wrapSecured$0(ObservationFilterChainDecorator.java:86)
	at org.springframework.security.web.ObservationFilterChainDecorator$VirtualFilterChain.doFilter(ObservationFilterChainDecorator.java:132)
	at org.springframework.security.web.access.intercept.AuthorizationFilter.doFilter(AuthorizationFilter.java:101)
	at org.springframework.security.web.ObservationFilterChainDecorator$ObservationFilter.wrapFilter(ObservationFilterChainDecorator.java:244)
	at org.springframework.security.web.ObservationFilterChainDecorator$ObservationFilter.doFilter(ObservationFilterChainDecorator.java:231)
	at org.springframework.security.web.ObservationFilterChainDecorator$VirtualFilterChain.doFilter(ObservationFilterChainDecorator.java:141)
	at org.springframework.security.web.access.ExceptionTranslationFilter.doFilter(ExceptionTranslationFilter.java:126)
	at org.springframework.security.web.access.ExceptionTranslationFilter.doFilter(ExceptionTranslationFilter.java:120)
	at org.springframework.security.web.ObservationFilterChainDecorator$ObservationFilter.wrapFilter(ObservationFilterChainDecorator.java:244)
	at org.springframework.security.web.ObservationFilterChainDecorator$ObservationFilter.doFilter(ObservationFilterChainDecorator.java:231)
	at org.springframework.security.web.ObservationFilterChainDecorator$VirtualFilterChain.doFilter(ObservationFilterChainDecorator.java:141)
	at org.springframework.security.web.session.SessionManagementFilter.doFilter(SessionManagementFilter.java:132)
	at org.springframework.security.web.session.SessionManagementFilter.doFilter(SessionManagementFilter.java:86)
	at org.springframework.security.web.ObservationFilterChainDecorator$ObservationFilter.wrapFilter(ObservationFilterChainDecorator.java:244)
	at org.springframework.security.web.ObservationFilterChainDecorator$ObservationFilter.doFilter(ObservationFilterChainDecorator.java:231)
	at org.springframework.security.web.ObservationFilterChainDecorator$VirtualFilterChain.doFilter(ObservationFilterChainDecorator.java:141)
	at org.springframework.security.web.authentication.AnonymousAuthenticationFilter.doFilter(AnonymousAuthenticationFilter.java:100)
	at org.springframework.security.web.ObservationFilterChainDecorator$ObservationFilter.wrapFilter(ObservationFilterChainDecorator.java:244)
	at org.springframework.security.web.ObservationFilterChainDecorator$ObservationFilter.doFilter(ObservationFilterChainDecorator.java:231)
	at org.springframework.security.web.ObservationFilterChainDecorator$VirtualFilterChain.doFilter(ObservationFilterChainDecorator.java:141)
	at org.springframework.security.web.servletapi.SecurityContextHolderAwareRequestFilter.doFilter(SecurityContextHolderAwareRequestFilter.java:181)
	at org.springframework.security.web.ObservationFilterChainDecorator$ObservationFilter.wrapFilter(ObservationFilterChainDecorator.java:244)
	at org.springframework.security.web.ObservationFilterChainDecorator$ObservationFilter.doFilter(ObservationFilterChainDecorator.java:231)
	at org.springframework.security.web.ObservationFilterChainDecorator$VirtualFilterChain.doFilter(ObservationFilterChainDecorator.java:141)
	at org.springframework.security.web.savedrequest.RequestCacheAwareFilter.doFilter(RequestCacheAwareFilter.java:63)
	at org.springframework.security.web.ObservationFilterChainDecorator$ObservationFilter.wrapFilter(ObservationFilterChainDecorator.java:244)
	at org.springframework.security.web.ObservationFilterChainDecorator$ObservationFilter.doFilter(ObservationFilterChainDecorator.java:231)
	at org.springframework.security.web.ObservationFilterChainDecorator$VirtualFilterChain.doFilter(ObservationFilterChainDecorator.java:141)
	at com.paeldav.backend.infraestructure.security.JwtAuthenticationFilter.doFilterInternal(JwtAuthenticationFilter.java:92)
	at org.springframework.web.filter.OncePerRequestFilter.doFilter(OncePerRequestFilter.java:116)
	at org.springframework.security.web.ObservationFilterChainDecorator$ObservationFilter.wrapFilter(ObservationFilterChainDecorator.java:244)
	at org.springframework.security.web.ObservationFilterChainDecorator$ObservationFilter.doFilter(ObservationFilterChainDecorator.java:231)
	at org.springframework.security.web.ObservationFilterChainDecorator$VirtualFilterChain.doFilter(ObservationFilterChainDecorator.java:141)
	at org.springframework.security.web.authentication.logout.LogoutFilter.doFilter(LogoutFilter.java:110)
	at org.springframework.security.web.authentication.logout.LogoutFilter.doFilter(LogoutFilter.java:96)
	at org.springframework.security.web.ObservationFilterChainDecorator$ObservationFilter.wrapFilter(ObservationFilterChainDecorator.java:244)
	at org.springframework.security.web.ObservationFilterChainDecorator$ObservationFilter.doFilter(ObservationFilterChainDecorator.java:231)
	at org.springframework.security.web.ObservationFilterChainDecorator$VirtualFilterChain.doFilter(ObservationFilterChainDecorator.java:141)
	at org.springframework.web.filter.CorsFilter.doFilterInternal(CorsFilter.java:91)
	at org.springframework.web.filter.OncePerRequestFilter.doFilter(OncePerRequestFilter.java:116)
	at org.springframework.security.web.ObservationFilterChainDecorator$ObservationFilter.wrapFilter(ObservationFilterChainDecorator.java:244)
	at org.springframework.security.web.ObservationFilterChainDecorator$ObservationFilter.doFilter(ObservationFilterChainDecorator.java:231)
	at org.springframework.security.web.ObservationFilterChainDecorator$VirtualFilterChain.doFilter(ObservationFilterChainDecorator.java:141)
	at org.springframework.security.web.header.HeaderWriterFilter.doHeadersAfter(HeaderWriterFilter.java:90)
	at org.springframework.security.web.header.HeaderWriterFilter.doFilterInternal(HeaderWriterFilter.java:75)
	at org.springframework.web.filter.OncePerRequestFilter.doFilter(OncePerRequestFilter.java:116)
	at org.springframework.security.web.ObservationFilterChainDecorator$ObservationFilter.wrapFilter(ObservationFilterChainDecorator.java:244)
	at org.springframework.security.web.ObservationFilterChainDecorator$ObservationFilter.doFilter(ObservationFilterChainDecorator.java:231)
	at org.springframework.security.web.ObservationFilterChainDecorator$VirtualFilterChain.doFilter(ObservationFilterChainDecorator.java:141)
	at org.springframework.security.web.context.SecurityContextHolderFilter.doFilter(SecurityContextHolderFilter.java:82)
	at org.springframework.security.web.context.SecurityContextHolderFilter.doFilter(SecurityContextHolderFilter.java:69)
	at org.springframework.security.web.ObservationFilterChainDecorator$ObservationFilter.wrapFilter(ObservationFilterChainDecorator.java:244)
	at org.springframework.security.web.ObservationFilterChainDecorator$ObservationFilter.doFilter(ObservationFilterChainDecorator.java:231)
	at org.springframework.security.web.ObservationFilterChainDecorator$VirtualFilterChain.doFilter(ObservationFilterChainDecorator.java:141)
	at org.springframework.security.web.context.request.async.WebAsyncManagerIntegrationFilter.doFilterInternal(WebAsyncManagerIntegrationFilter.java:62)
	at org.springframework.web.filter.OncePerRequestFilter.doFilter(OncePerRequestFilter.java:116)
	at org.springframework.security.web.ObservationFilterChainDecorator$ObservationFilter.wrapFilter(ObservationFilterChainDecorator.java:244)
	at org.springframework.security.web.ObservationFilterChainDecorator$ObservationFilter.doFilter(ObservationFilterChainDecorator.java:231)
	at org.springframework.security.web.ObservationFilterChainDecorator$VirtualFilterChain.doFilter(ObservationFilterChainDecorator.java:141)
	at org.springframework.security.web.session.DisableEncodeUrlFilter.doFilterInternal(DisableEncodeUrlFilter.java:42)
	at org.springframework.web.filter.OncePerRequestFilter.doFilter(OncePerRequestFilter.java:116)
	at org.springframework.security.web.ObservationFilterChainDecorator$ObservationFilter.wrapFilter(ObservationFilterChainDecorator.java:244)
	at org.springframework.security.web.ObservationFilterChainDecorator$AroundFilterObservation$SimpleAroundFilterObservation.lambda$wrap$0(ObservationFilterChainDecorator.java:337)
	at org.springframework.security.web.ObservationFilterChainDecorator$ObservationFilter.doFilter(ObservationFilterChainDecorator.java:228)
	at org.springframework.security.web.ObservationFilterChainDecorator$VirtualFilterChain.doFilter(ObservationFilterChainDecorator.java:141)
	at org.springframework.security.web.FilterChainProxy.doFilterInternal(FilterChainProxy.java:237)
	at org.springframework.security.web.FilterChainProxy.doFilter(FilterChainProxy.java:195)
	at org.springframework.web.filter.CompositeFilter$VirtualFilterChain.doFilter(CompositeFilter.java:113)
	at org.springframework.web.filter.ServletRequestPathFilter.doFilter(ServletRequestPathFilter.java:52)
	at org.springframework.web.filter.CompositeFilter$VirtualFilterChain.doFilter(CompositeFilter.java:113)
	at org.springframework.web.filter.CompositeFilter.doFilter(CompositeFilter.java:74)
	at org.springframework.security.config.annotation.web.configuration.WebSecurityConfiguration$CompositeFilterChainProxy.doFilter(WebSecurityConfiguration.java:317)
	at org.springframework.web.filter.DelegatingFilterProxy.invokeDelegate(DelegatingFilterProxy.java:355)
	at org.springframework.web.filter.DelegatingFilterProxy.doFilter(DelegatingFilterProxy.java:272)
	at org.apache.catalina.core.ApplicationFilterChain.doFilter(ApplicationFilterChain.java:107)
	at org.springframework.web.filter.RequestContextFilter.doFilterInternal(RequestContextFilter.java:100)
	at org.springframework.web.filter.OncePerRequestFilter.doFilter(OncePerRequestFilter.java:116)
	at org.apache.catalina.core.ApplicationFilterChain.doFilter(ApplicationFilterChain.java:107)
	at org.springframework.web.filter.FormContentFilter.doFilterInternal(FormContentFilter.java:93)
	at org.springframework.web.filter.OncePerRequestFilter.doFilter(OncePerRequestFilter.java:116)
	at org.apache.catalina.core.ApplicationFilterChain.doFilter(ApplicationFilterChain.java:107)
	at org.springframework.web.filter.ServerHttpObservationFilter.doFilterInternal(ServerHttpObservationFilter.java:110)
	at org.springframework.web.filter.OncePerRequestFilter.doFilter(OncePerRequestFilter.java:116)
	at org.apache.catalina.core.ApplicationFilterChain.doFilter(ApplicationFilterChain.java:107)
	at org.springframework.web.filter.CharacterEncodingFilter.doFilterInternal(CharacterEncodingFilter.java:199)
	at org.springframework.web.filter.OncePerRequestFilter.doFilter(OncePerRequestFilter.java:116)
	at org.apache.catalina.core.ApplicationFilterChain.doFilter(ApplicationFilterChain.java:107)
	at org.apache.catalina.core.StandardWrapperValve.invoke(StandardWrapperValve.java:165)
	at org.apache.catalina.core.StandardContextValve.invoke(StandardContextValve.java:77)
	at org.apache.catalina.authenticator.AuthenticatorBase.invoke(AuthenticatorBase.java:482)
	at org.apache.catalina.core.StandardHostValve.invoke(StandardHostValve.java:113)
	at org.apache.catalina.valves.ErrorReportValve.invoke(ErrorReportValve.java:83)
	at org.apache.catalina.core.StandardEngineValve.invoke(StandardEngineValve.java:72)
	at org.apache.catalina.connector.CoyoteAdapter.service(CoyoteAdapter.java:341)
	at org.apache.coyote.http11.Http11Processor.service(Http11Processor.java:397)
	at org.apache.coyote.AbstractProcessorLight.process(AbstractProcessorLight.java:63)
	at org.apache.coyote.AbstractProtocol$ConnectionHandler.process(AbstractProtocol.java:903)
	at org.apache.tomcat.util.net.NioEndpoint$SocketProcessor.doRun(NioEndpoint.java:1778)
	at org.apache.tomcat.util.net.SocketProcessorBase.run(SocketProcessorBase.java:52)
	at org.apache.tomcat.util.threads.ThreadPoolExecutor.runWorker(ThreadPoolExecutor.java:946)
	at org.apache.tomcat.util.threads.ThreadPoolExecutor$Worker.run(ThreadPoolExecutor.java:480)
	at org.apache.tomcat.util.threads.TaskThread$WrappingRunnable.run(TaskThread.java:57)
	at java.base/java.lang.Thread.run(Thread.java:1583)
Caused by: org.hibernate.TransactionException: Unable to rollback against JDBC Connection
	at org.hibernate.resource.jdbc.internal.AbstractLogicalConnectionImplementor.rollback(AbstractLogicalConnectionImplementor.java:133)
	at org.hibernate.resource.transaction.backend.jdbc.internal.JdbcResourceLocalTransactionCoordinatorImpl$TransactionDriverControlImpl.rollback(JdbcResourceLocalTransactionCoordinatorImpl.java:282)
	at org.hibernate.engine.transaction.internal.TransactionImpl.rollback(TransactionImpl.java:123)
	at org.springframework.orm.jpa.JpaTransactionManager.doRollback(JpaTransactionManager.java:580)
	... 136 common frames omitted
Caused by: java.sql.SQLException: Connection is closed
	at com.zaxxer.hikari.pool.ProxyConnection$ClosedConnection.lambda$getClosedConnection$0(ProxyConnection.java:559)
	at jdk.proxy3/jdk.proxy3.$Proxy141.rollback(Unknown Source)
	at com.zaxxer.hikari.pool.ProxyConnection.rollback(ProxyConnection.java:386)
	at com.zaxxer.hikari.pool.HikariProxyConnection.rollback(HikariProxyConnection.java)
	at org.hibernate.resource.jdbc.internal.AbstractLogicalConnectionImplementor.rollback(AbstractLogicalConnectionImplementor.java:123)
	... 139 common frames omitted
2026-04-18 20:01:59 WARN  [main] org.hibernate.orm.deprecation - HHH90000025: PostgreSQLDialect does not need to be specified explicitly using 'hibernate.dialect' (remove the property setting and it will be selected by default)
2026-04-18 20:02:05 WARN  [main] o.s.s.c.a.a.c.InitializeUserDetailsBeanManagerConfigurer$InitializeUserDetailsManagerConfigurer - Global AuthenticationManager configured with an AuthenticationProvider bean. UserDetailsService beans will not be used by Spring Security for automatically configuring username/password login. Consider removing the AuthenticationProvider bean. Alternatively, consider using the UserDetailsService in a manually instantiated DaoAuthenticationProvider. If the current configuration is intentional, to turn off this warning, increase the logging level of 'org.springframework.security.config.annotation.authentication.configuration.InitializeUserDetailsBeanManagerConfigurer' to ERROR
2026-04-18 20:02:07 WARN  [main] o.s.b.j.a.JpaBaseConfiguration$JpaWebConfiguration - spring.jpa.open-in-view is enabled by default. Therefore, database queries may be performed during view rendering. Explicitly configure spring.jpa.open-in-view to disable this warning
2026-04-18 20:02:41 WARN  [RMI TCP Connection(6)-192.168.101.18] o.s.b.m.health.MongoHealthIndicator - MongoDB health check failed
com.mongodb.MongoTimeoutException: Timed out while waiting for a server that matches ReadPreferenceServerSelector{readPreference=primary}. Client view of cluster state is {type=UNKNOWN, servers=[{address=localhost:27017, type=UNKNOWN, state=CONNECTING, exception={com.mongodb.MongoSocketOpenException: Exception opening socket}, caused by {java.net.ConnectException: Connection refused: getsockopt}}]
	at com.mongodb.internal.connection.BaseCluster.logAndThrowTimeoutException(BaseCluster.java:431)
	at com.mongodb.internal.connection.BaseCluster.lambda$selectServer$0(BaseCluster.java:166)
	at com.mongodb.internal.time.Timeout.lambda$onExistsAndExpired$16(Timeout.java:238)
	at com.mongodb.internal.time.Timeout.lambda$run$10(Timeout.java:203)
	at com.mongodb.internal.time.TimePoint.checkedCall(TimePoint.java:99)
	at com.mongodb.internal.time.Timeout.call(Timeout.java:176)
	at com.mongodb.internal.time.Timeout.run(Timeout.java:196)
	at com.mongodb.internal.time.Timeout.onExistsAndExpired(Timeout.java:235)
	at com.mongodb.internal.time.Timeout.onExpired(Timeout.java:228)
	at com.mongodb.internal.connection.BaseCluster.selectServer(BaseCluster.java:165)
	at com.mongodb.internal.connection.SingleServerCluster.selectServer(SingleServerCluster.java:47)
	at com.mongodb.internal.binding.ClusterBinding.getReadConnectionSource(ClusterBinding.java:82)
	at com.mongodb.client.internal.ClientSessionBinding.getConnectionSource(ClientSessionBinding.java:108)
	at com.mongodb.client.internal.ClientSessionBinding.getReadConnectionSource(ClientSessionBinding.java:88)
	at com.mongodb.internal.operation.SyncOperationHelper.withSuppliedResource(SyncOperationHelper.java:148)
	at com.mongodb.internal.operation.SyncOperationHelper.withSourceAndConnection(SyncOperationHelper.java:129)
	at com.mongodb.internal.operation.SyncOperationHelper.lambda$executeRetryableRead$4(SyncOperationHelper.java:195)
	at com.mongodb.internal.operation.SyncOperationHelper.lambda$decorateReadWithRetries$13(SyncOperationHelper.java:317)
	at com.mongodb.internal.async.function.RetryingSyncSupplier.get(RetryingSyncSupplier.java:67)
	at com.mongodb.internal.operation.SyncOperationHelper.executeRetryableRead(SyncOperationHelper.java:201)
	at com.mongodb.internal.operation.SyncOperationHelper.executeRetryableRead(SyncOperationHelper.java:180)
	at com.mongodb.internal.operation.ListDatabasesOperation.execute(ListDatabasesOperation.java:112)
	at com.mongodb.internal.operation.ListDatabasesOperation.execute(ListDatabasesOperation.java:45)
	at com.mongodb.client.internal.MongoClusterImpl$OperationExecutorImpl.execute(MongoClusterImpl.java:426)
	at com.mongodb.client.internal.MongoIterableImpl.execute(MongoIterableImpl.java:156)
	at com.mongodb.client.internal.MongoIterableImpl.iterator(MongoIterableImpl.java:116)
	at com.mongodb.client.internal.MongoIterableImpl.forEach(MongoIterableImpl.java:142)
	at com.mongodb.client.internal.MappingIterable.forEach(MappingIterable.java:62)
	at org.springframework.boot.mongodb.health.MongoHealthIndicator.doHealthCheck(MongoHealthIndicator.java:56)
	at org.springframework.boot.health.contributor.AbstractHealthIndicator.health(AbstractHealthIndicator.java:80)
	at org.springframework.boot.health.contributor.HealthIndicator.health(HealthIndicator.java:37)
	at org.springframework.boot.health.actuate.endpoint.Contributor$Blocking.getDescriptor(Contributor.java:148)
	at org.springframework.boot.health.actuate.endpoint.Contributor$Blocking.getDescriptor(Contributor.java:126)
	at org.springframework.boot.health.actuate.endpoint.HealthEndpointSupport.getDescriptorAndLogIfSlow(HealthEndpointSupport.java:172)
	at org.springframework.boot.health.actuate.endpoint.HealthEndpointSupport.getDescriptor(HealthEndpointSupport.java:145)
	at org.springframework.boot.health.actuate.endpoint.HealthEndpointSupport.getAggregateDescriptor(HealthEndpointSupport.java:157)
	at org.springframework.boot.health.actuate.endpoint.HealthEndpointSupport.getDescriptor(HealthEndpointSupport.java:141)
	at org.springframework.boot.health.actuate.endpoint.HealthEndpointSupport.getResult(HealthEndpointSupport.java:110)
	at org.springframework.boot.health.actuate.endpoint.HealthEndpointSupport.getResult(HealthEndpointSupport.java:82)
	at org.springframework.boot.health.actuate.endpoint.HealthEndpoint.health(HealthEndpoint.java:80)
	at org.springframework.boot.health.actuate.endpoint.HealthEndpoint.health(HealthEndpoint.java:70)
	at java.base/jdk.internal.reflect.DirectMethodHandleAccessor.invoke(DirectMethodHandleAccessor.java:103)
	at java.base/java.lang.reflect.Method.invoke(Method.java:580)
	at org.springframework.util.ReflectionUtils.invokeMethod(ReflectionUtils.java:281)
	at org.springframework.boot.actuate.endpoint.invoke.reflect.ReflectiveOperationInvoker.invoke(ReflectiveOperationInvoker.java:76)
	at org.springframework.boot.actuate.endpoint.annotation.AbstractDiscoveredOperation.invoke(AbstractDiscoveredOperation.java:62)
	at org.springframework.boot.actuate.endpoint.jmx.EndpointMBean.invoke(EndpointMBean.java:127)
	at org.springframework.boot.actuate.endpoint.jmx.EndpointMBean.invoke(EndpointMBean.java:99)
	at java.management/com.sun.jmx.interceptor.DefaultMBeanServerInterceptor.invoke(DefaultMBeanServerInterceptor.java:803)
	at java.management/com.sun.jmx.mbeanserver.JmxMBeanServer.invoke(JmxMBeanServer.java:802)
	at java.management.rmi/javax.management.remote.rmi.RMIConnectionImpl.doOperation(RMIConnectionImpl.java:1472)
	at java.management.rmi/javax.management.remote.rmi.RMIConnectionImpl$PrivilegedOperation.run(RMIConnectionImpl.java:1310)
	at java.management.rmi/javax.management.remote.rmi.RMIConnectionImpl.doPrivilegedOperation(RMIConnectionImpl.java:1405)
	at java.management.rmi/javax.management.remote.rmi.RMIConnectionImpl.invoke(RMIConnectionImpl.java:829)
	at java.base/jdk.internal.reflect.DirectMethodHandleAccessor.invoke(DirectMethodHandleAccessor.java:103)
	at java.base/java.lang.reflect.Method.invoke(Method.java:580)
	at java.rmi/sun.rmi.server.UnicastServerRef.dispatch(UnicastServerRef.java:360)
	at java.rmi/sun.rmi.transport.Transport$1.run(Transport.java:200)
	at java.rmi/sun.rmi.transport.Transport$1.run(Transport.java:197)
	at java.base/java.security.AccessController.doPrivileged(AccessController.java:714)
	at java.rmi/sun.rmi.transport.Transport.serviceCall(Transport.java:196)
	at java.rmi/sun.rmi.transport.tcp.TCPTransport.handleMessages(TCPTransport.java:598)
	at java.rmi/sun.rmi.transport.tcp.TCPTransport$ConnectionHandler.run0(TCPTransport.java:844)
	at java.rmi/sun.rmi.transport.tcp.TCPTransport$ConnectionHandler.lambda$run$0(TCPTransport.java:721)
	at java.base/java.security.AccessController.doPrivileged(AccessController.java:400)
	at java.rmi/sun.rmi.transport.tcp.TCPTransport$ConnectionHandler.run(TCPTransport.java:720)
	at java.base/java.util.concurrent.ThreadPoolExecutor.runWorker(ThreadPoolExecutor.java:1144)
	at java.base/java.util.concurrent.ThreadPoolExecutor$Worker.run(ThreadPoolExecutor.java:642)
	at java.base/java.lang.Thread.run(Thread.java:1583)
2026-04-18 20:02:41 WARN  [RMI TCP Connection(6)-192.168.101.18] o.s.b.h.a.e.HealthEndpointSupport - Health contributor org.springframework.boot.mongodb.health.MongoHealthIndicator (mongo) took 30033ms to respond
2026-04-18 20:37:29 WARN  [main] org.hibernate.orm.deprecation - HHH90000025: PostgreSQLDialect does not need to be specified explicitly using 'hibernate.dialect' (remove the property setting and it will be selected by default)
2026-04-18 20:37:34 WARN  [main] o.s.s.c.a.a.c.InitializeUserDetailsBeanManagerConfigurer$InitializeUserDetailsManagerConfigurer - Global AuthenticationManager configured with an AuthenticationProvider bean. UserDetailsService beans will not be used by Spring Security for automatically configuring username/password login. Consider removing the AuthenticationProvider bean. Alternatively, consider using the UserDetailsService in a manually instantiated DaoAuthenticationProvider. If the current configuration is intentional, to turn off this warning, increase the logging level of 'org.springframework.security.config.annotation.authentication.configuration.InitializeUserDetailsBeanManagerConfigurer' to ERROR
2026-04-18 20:37:35 WARN  [main] o.s.b.j.a.JpaBaseConfiguration$JpaWebConfiguration - spring.jpa.open-in-view is enabled by default. Therefore, database queries may be performed during view rendering. Explicitly configure spring.jpa.open-in-view to disable this warning
2026-04-18 20:38:08 WARN  [RMI TCP Connection(3)-192.168.101.18] o.s.b.m.health.MongoHealthIndicator - MongoDB health check failed
com.mongodb.MongoTimeoutException: Timed out while waiting for a server that matches ReadPreferenceServerSelector{readPreference=primary}. Client view of cluster state is {type=UNKNOWN, servers=[{address=localhost:27017, type=UNKNOWN, state=CONNECTING, exception={com.mongodb.MongoSocketOpenException: Exception opening socket}, caused by {java.net.ConnectException: Connection refused: getsockopt}}]
	at com.mongodb.internal.connection.BaseCluster.logAndThrowTimeoutException(BaseCluster.java:431)
	at com.mongodb.internal.connection.BaseCluster.lambda$selectServer$0(BaseCluster.java:166)
	at com.mongodb.internal.time.Timeout.lambda$onExistsAndExpired$16(Timeout.java:238)
	at com.mongodb.internal.time.Timeout.lambda$run$10(Timeout.java:203)
	at com.mongodb.internal.time.TimePoint.checkedCall(TimePoint.java:99)
	at com.mongodb.internal.time.Timeout.call(Timeout.java:176)
	at com.mongodb.internal.time.Timeout.run(Timeout.java:196)
	at com.mongodb.internal.time.Timeout.onExistsAndExpired(Timeout.java:235)
	at com.mongodb.internal.time.Timeout.onExpired(Timeout.java:228)
	at com.mongodb.internal.connection.BaseCluster.selectServer(BaseCluster.java:165)
	at com.mongodb.internal.connection.SingleServerCluster.selectServer(SingleServerCluster.java:47)
	at com.mongodb.internal.binding.ClusterBinding.getReadConnectionSource(ClusterBinding.java:82)
	at com.mongodb.client.internal.ClientSessionBinding.getConnectionSource(ClientSessionBinding.java:108)
	at com.mongodb.client.internal.ClientSessionBinding.getReadConnectionSource(ClientSessionBinding.java:88)
	at com.mongodb.internal.operation.SyncOperationHelper.withSuppliedResource(SyncOperationHelper.java:148)
	at com.mongodb.internal.operation.SyncOperationHelper.withSourceAndConnection(SyncOperationHelper.java:129)
	at com.mongodb.internal.operation.SyncOperationHelper.lambda$executeRetryableRead$4(SyncOperationHelper.java:195)
	at com.mongodb.internal.operation.SyncOperationHelper.lambda$decorateReadWithRetries$13(SyncOperationHelper.java:317)
	at com.mongodb.internal.async.function.RetryingSyncSupplier.get(RetryingSyncSupplier.java:67)
	at com.mongodb.internal.operation.SyncOperationHelper.executeRetryableRead(SyncOperationHelper.java:201)
	at com.mongodb.internal.operation.SyncOperationHelper.executeRetryableRead(SyncOperationHelper.java:180)
	at com.mongodb.internal.operation.ListDatabasesOperation.execute(ListDatabasesOperation.java:112)
	at com.mongodb.internal.operation.ListDatabasesOperation.execute(ListDatabasesOperation.java:45)
	at com.mongodb.client.internal.MongoClusterImpl$OperationExecutorImpl.execute(MongoClusterImpl.java:426)
	at com.mongodb.client.internal.MongoIterableImpl.execute(MongoIterableImpl.java:156)
	at com.mongodb.client.internal.MongoIterableImpl.iterator(MongoIterableImpl.java:116)
	at com.mongodb.client.internal.MongoIterableImpl.forEach(MongoIterableImpl.java:142)
	at com.mongodb.client.internal.MappingIterable.forEach(MappingIterable.java:62)
	at org.springframework.boot.mongodb.health.MongoHealthIndicator.doHealthCheck(MongoHealthIndicator.java:56)
	at org.springframework.boot.health.contributor.AbstractHealthIndicator.health(AbstractHealthIndicator.java:80)
	at org.springframework.boot.health.contributor.HealthIndicator.health(HealthIndicator.java:37)
	at org.springframework.boot.health.actuate.endpoint.Contributor$Blocking.getDescriptor(Contributor.java:148)
	at org.springframework.boot.health.actuate.endpoint.Contributor$Blocking.getDescriptor(Contributor.java:126)
	at org.springframework.boot.health.actuate.endpoint.HealthEndpointSupport.getDescriptorAndLogIfSlow(HealthEndpointSupport.java:172)
	at org.springframework.boot.health.actuate.endpoint.HealthEndpointSupport.getDescriptor(HealthEndpointSupport.java:145)
	at org.springframework.boot.health.actuate.endpoint.HealthEndpointSupport.getAggregateDescriptor(HealthEndpointSupport.java:157)
	at org.springframework.boot.health.actuate.endpoint.HealthEndpointSupport.getDescriptor(HealthEndpointSupport.java:141)
	at org.springframework.boot.health.actuate.endpoint.HealthEndpointSupport.getResult(HealthEndpointSupport.java:110)
	at org.springframework.boot.health.actuate.endpoint.HealthEndpointSupport.getResult(HealthEndpointSupport.java:82)
	at org.springframework.boot.health.actuate.endpoint.HealthEndpoint.health(HealthEndpoint.java:80)
	at org.springframework.boot.health.actuate.endpoint.HealthEndpoint.health(HealthEndpoint.java:70)
	at java.base/jdk.internal.reflect.DirectMethodHandleAccessor.invoke(DirectMethodHandleAccessor.java:103)
	at java.base/java.lang.reflect.Method.invoke(Method.java:580)
	at org.springframework.util.ReflectionUtils.invokeMethod(ReflectionUtils.java:281)
	at org.springframework.boot.actuate.endpoint.invoke.reflect.ReflectiveOperationInvoker.invoke(ReflectiveOperationInvoker.java:76)
	at org.springframework.boot.actuate.endpoint.annotation.AbstractDiscoveredOperation.invoke(AbstractDiscoveredOperation.java:62)
	at org.springframework.boot.actuate.endpoint.jmx.EndpointMBean.invoke(EndpointMBean.java:127)
	at org.springframework.boot.actuate.endpoint.jmx.EndpointMBean.invoke(EndpointMBean.java:99)
	at java.management/com.sun.jmx.interceptor.DefaultMBeanServerInterceptor.invoke(DefaultMBeanServerInterceptor.java:803)
	at java.management/com.sun.jmx.mbeanserver.JmxMBeanServer.invoke(JmxMBeanServer.java:802)
	at java.management.rmi/javax.management.remote.rmi.RMIConnectionImpl.doOperation(RMIConnectionImpl.java:1472)
	at java.management.rmi/javax.management.remote.rmi.RMIConnectionImpl$PrivilegedOperation.run(RMIConnectionImpl.java:1310)
	at java.management.rmi/javax.management.remote.rmi.RMIConnectionImpl.doPrivilegedOperation(RMIConnectionImpl.java:1405)
	at java.management.rmi/javax.management.remote.rmi.RMIConnectionImpl.invoke(RMIConnectionImpl.java:829)
	at java.base/jdk.internal.reflect.DirectMethodHandleAccessor.invoke(DirectMethodHandleAccessor.java:103)
	at java.base/java.lang.reflect.Method.invoke(Method.java:580)
	at java.rmi/sun.rmi.server.UnicastServerRef.dispatch(UnicastServerRef.java:360)
	at java.rmi/sun.rmi.transport.Transport$1.run(Transport.java:200)
	at java.rmi/sun.rmi.transport.Transport$1.run(Transport.java:197)
	at java.base/java.security.AccessController.doPrivileged(AccessController.java:714)
	at java.rmi/sun.rmi.transport.Transport.serviceCall(Transport.java:196)
	at java.rmi/sun.rmi.transport.tcp.TCPTransport.handleMessages(TCPTransport.java:598)
	at java.rmi/sun.rmi.transport.tcp.TCPTransport$ConnectionHandler.run0(TCPTransport.java:844)
	at java.rmi/sun.rmi.transport.tcp.TCPTransport$ConnectionHandler.lambda$run$0(TCPTransport.java:721)
	at java.base/java.security.AccessController.doPrivileged(AccessController.java:400)
	at java.rmi/sun.rmi.transport.tcp.TCPTransport$ConnectionHandler.run(TCPTransport.java:720)
	at java.base/java.util.concurrent.ThreadPoolExecutor.runWorker(ThreadPoolExecutor.java:1144)
	at java.base/java.util.concurrent.ThreadPoolExecutor$Worker.run(ThreadPoolExecutor.java:642)
	at java.base/java.lang.Thread.run(Thread.java:1583)
2026-04-18 20:38:08 WARN  [RMI TCP Connection(3)-192.168.101.18] o.s.b.h.a.e.HealthEndpointSupport - Health contributor org.springframework.boot.mongodb.health.MongoHealthIndicator (mongo) took 30019ms to respond
2026-04-18 21:01:33 WARN  [main] org.hibernate.orm.deprecation - HHH90000025: PostgreSQLDialect does not need to be specified explicitly using 'hibernate.dialect' (remove the property setting and it will be selected by default)
2026-04-18 21:01:39 WARN  [main] o.s.s.c.a.a.c.InitializeUserDetailsBeanManagerConfigurer$InitializeUserDetailsManagerConfigurer - Global AuthenticationManager configured with an AuthenticationProvider bean. UserDetailsService beans will not be used by Spring Security for automatically configuring username/password login. Consider removing the AuthenticationProvider bean. Alternatively, consider using the UserDetailsService in a manually instantiated DaoAuthenticationProvider. If the current configuration is intentional, to turn off this warning, increase the logging level of 'org.springframework.security.config.annotation.authentication.configuration.InitializeUserDetailsBeanManagerConfigurer' to ERROR
2026-04-18 21:01:40 WARN  [main] o.s.b.j.a.JpaBaseConfiguration$JpaWebConfiguration - spring.jpa.open-in-view is enabled by default. Therefore, database queries may be performed during view rendering. Explicitly configure spring.jpa.open-in-view to disable this warning
2026-04-18 21:02:13 WARN  [RMI TCP Connection(1)-192.168.101.18] o.s.b.m.health.MongoHealthIndicator - MongoDB health check failed
com.mongodb.MongoTimeoutException: Timed out while waiting for a server that matches ReadPreferenceServerSelector{readPreference=primary}. Client view of cluster state is {type=UNKNOWN, servers=[{address=localhost:27017, type=UNKNOWN, state=CONNECTING, exception={com.mongodb.MongoSocketOpenException: Exception opening socket}, caused by {java.net.ConnectException: Connection refused: getsockopt}}]
	at com.mongodb.internal.connection.BaseCluster.logAndThrowTimeoutException(BaseCluster.java:431)
	at com.mongodb.internal.connection.BaseCluster.lambda$selectServer$0(BaseCluster.java:166)
	at com.mongodb.internal.time.Timeout.lambda$onExistsAndExpired$16(Timeout.java:238)
	at com.mongodb.internal.time.Timeout.lambda$run$10(Timeout.java:203)
	at com.mongodb.internal.time.TimePoint.checkedCall(TimePoint.java:99)
	at com.mongodb.internal.time.Timeout.call(Timeout.java:176)
	at com.mongodb.internal.time.Timeout.run(Timeout.java:196)
	at com.mongodb.internal.time.Timeout.onExistsAndExpired(Timeout.java:235)
	at com.mongodb.internal.time.Timeout.onExpired(Timeout.java:228)
	at com.mongodb.internal.connection.BaseCluster.selectServer(BaseCluster.java:165)
	at com.mongodb.internal.connection.SingleServerCluster.selectServer(SingleServerCluster.java:47)
	at com.mongodb.internal.binding.ClusterBinding.getReadConnectionSource(ClusterBinding.java:82)
	at com.mongodb.client.internal.ClientSessionBinding.getConnectionSource(ClientSessionBinding.java:108)
	at com.mongodb.client.internal.ClientSessionBinding.getReadConnectionSource(ClientSessionBinding.java:88)
	at com.mongodb.internal.operation.SyncOperationHelper.withSuppliedResource(SyncOperationHelper.java:148)
	at com.mongodb.internal.operation.SyncOperationHelper.withSourceAndConnection(SyncOperationHelper.java:129)
	at com.mongodb.internal.operation.SyncOperationHelper.lambda$executeRetryableRead$4(SyncOperationHelper.java:195)
	at com.mongodb.internal.operation.SyncOperationHelper.lambda$decorateReadWithRetries$13(SyncOperationHelper.java:317)
	at com.mongodb.internal.async.function.RetryingSyncSupplier.get(RetryingSyncSupplier.java:67)
	at com.mongodb.internal.operation.SyncOperationHelper.executeRetryableRead(SyncOperationHelper.java:201)
	at com.mongodb.internal.operation.SyncOperationHelper.executeRetryableRead(SyncOperationHelper.java:180)
	at com.mongodb.internal.operation.ListDatabasesOperation.execute(ListDatabasesOperation.java:112)
	at com.mongodb.internal.operation.ListDatabasesOperation.execute(ListDatabasesOperation.java:45)
	at com.mongodb.client.internal.MongoClusterImpl$OperationExecutorImpl.execute(MongoClusterImpl.java:426)
	at com.mongodb.client.internal.MongoIterableImpl.execute(MongoIterableImpl.java:156)
	at com.mongodb.client.internal.MongoIterableImpl.iterator(MongoIterableImpl.java:116)
	at com.mongodb.client.internal.MongoIterableImpl.forEach(MongoIterableImpl.java:142)
	at com.mongodb.client.internal.MappingIterable.forEach(MappingIterable.java:62)
	at org.springframework.boot.mongodb.health.MongoHealthIndicator.doHealthCheck(MongoHealthIndicator.java:56)
	at org.springframework.boot.health.contributor.AbstractHealthIndicator.health(AbstractHealthIndicator.java:80)
	at org.springframework.boot.health.contributor.HealthIndicator.health(HealthIndicator.java:37)
	at org.springframework.boot.health.actuate.endpoint.Contributor$Blocking.getDescriptor(Contributor.java:148)
	at org.springframework.boot.health.actuate.endpoint.Contributor$Blocking.getDescriptor(Contributor.java:126)
	at org.springframework.boot.health.actuate.endpoint.HealthEndpointSupport.getDescriptorAndLogIfSlow(HealthEndpointSupport.java:172)
	at org.springframework.boot.health.actuate.endpoint.HealthEndpointSupport.getDescriptor(HealthEndpointSupport.java:145)
	at org.springframework.boot.health.actuate.endpoint.HealthEndpointSupport.getAggregateDescriptor(HealthEndpointSupport.java:157)
	at org.springframework.boot.health.actuate.endpoint.HealthEndpointSupport.getDescriptor(HealthEndpointSupport.java:141)
	at org.springframework.boot.health.actuate.endpoint.HealthEndpointSupport.getResult(HealthEndpointSupport.java:110)
	at org.springframework.boot.health.actuate.endpoint.HealthEndpointSupport.getResult(HealthEndpointSupport.java:82)
	at org.springframework.boot.health.actuate.endpoint.HealthEndpoint.health(HealthEndpoint.java:80)
	at org.springframework.boot.health.actuate.endpoint.HealthEndpoint.health(HealthEndpoint.java:70)
	at java.base/jdk.internal.reflect.DirectMethodHandleAccessor.invoke(DirectMethodHandleAccessor.java:103)
	at java.base/java.lang.reflect.Method.invoke(Method.java:580)
	at org.springframework.util.ReflectionUtils.invokeMethod(ReflectionUtils.java:281)
	at org.springframework.boot.actuate.endpoint.invoke.reflect.ReflectiveOperationInvoker.invoke(ReflectiveOperationInvoker.java:76)
	at org.springframework.boot.actuate.endpoint.annotation.AbstractDiscoveredOperation.invoke(AbstractDiscoveredOperation.java:62)
	at org.springframework.boot.actuate.endpoint.jmx.EndpointMBean.invoke(EndpointMBean.java:127)
	at org.springframework.boot.actuate.endpoint.jmx.EndpointMBean.invoke(EndpointMBean.java:99)
	at java.management/com.sun.jmx.interceptor.DefaultMBeanServerInterceptor.invoke(DefaultMBeanServerInterceptor.java:803)
	at java.management/com.sun.jmx.mbeanserver.JmxMBeanServer.invoke(JmxMBeanServer.java:802)
	at java.management.rmi/javax.management.remote.rmi.RMIConnectionImpl.doOperation(RMIConnectionImpl.java:1472)
	at java.management.rmi/javax.management.remote.rmi.RMIConnectionImpl$PrivilegedOperation.run(RMIConnectionImpl.java:1310)
	at java.management.rmi/javax.management.remote.rmi.RMIConnectionImpl.doPrivilegedOperation(RMIConnectionImpl.java:1405)
	at java.management.rmi/javax.management.remote.rmi.RMIConnectionImpl.invoke(RMIConnectionImpl.java:829)
	at java.base/jdk.internal.reflect.DirectMethodHandleAccessor.invoke(DirectMethodHandleAccessor.java:103)
	at java.base/java.lang.reflect.Method.invoke(Method.java:580)
	at java.rmi/sun.rmi.server.UnicastServerRef.dispatch(UnicastServerRef.java:360)
	at java.rmi/sun.rmi.transport.Transport$1.run(Transport.java:200)
	at java.rmi/sun.rmi.transport.Transport$1.run(Transport.java:197)
	at java.base/java.security.AccessController.doPrivileged(AccessController.java:714)
	at java.rmi/sun.rmi.transport.Transport.serviceCall(Transport.java:196)
	at java.rmi/sun.rmi.transport.tcp.TCPTransport.handleMessages(TCPTransport.java:598)
	at java.rmi/sun.rmi.transport.tcp.TCPTransport$ConnectionHandler.run0(TCPTransport.java:844)
	at java.rmi/sun.rmi.transport.tcp.TCPTransport$ConnectionHandler.lambda$run$0(TCPTransport.java:721)
	at java.base/java.security.AccessController.doPrivileged(AccessController.java:400)
	at java.rmi/sun.rmi.transport.tcp.TCPTransport$ConnectionHandler.run(TCPTransport.java:720)
	at java.base/java.util.concurrent.ThreadPoolExecutor.runWorker(ThreadPoolExecutor.java:1144)
	at java.base/java.util.concurrent.ThreadPoolExecutor$Worker.run(ThreadPoolExecutor.java:642)
	at java.base/java.lang.Thread.run(Thread.java:1583)
2026-04-18 21:02:13 WARN  [RMI TCP Connection(1)-192.168.101.18] o.s.b.h.a.e.HealthEndpointSupport - Health contributor org.springframework.boot.mongodb.health.MongoHealthIndicator (mongo) took 30020ms to respond
2026-04-18 21:26:03 WARN  [main] org.hibernate.orm.deprecation - HHH90000025: PostgreSQLDialect does not need to be specified explicitly using 'hibernate.dialect' (remove the property setting and it will be selected by default)
2026-04-18 21:26:09 WARN  [main] o.s.s.c.a.a.c.InitializeUserDetailsBeanManagerConfigurer$InitializeUserDetailsManagerConfigurer - Global AuthenticationManager configured with an AuthenticationProvider bean. UserDetailsService beans will not be used by Spring Security for automatically configuring username/password login. Consider removing the AuthenticationProvider bean. Alternatively, consider using the UserDetailsService in a manually instantiated DaoAuthenticationProvider. If the current configuration is intentional, to turn off this warning, increase the logging level of 'org.springframework.security.config.annotation.authentication.configuration.InitializeUserDetailsBeanManagerConfigurer' to ERROR
2026-04-18 21:26:10 WARN  [main] o.s.b.j.a.JpaBaseConfiguration$JpaWebConfiguration - spring.jpa.open-in-view is enabled by default. Therefore, database queries may be performed during view rendering. Explicitly configure spring.jpa.open-in-view to disable this warning
2026-04-18 21:26:43 WARN  [RMI TCP Connection(7)-192.168.101.18] o.s.b.m.health.MongoHealthIndicator - MongoDB health check failed
com.mongodb.MongoTimeoutException: Timed out while waiting for a server that matches ReadPreferenceServerSelector{readPreference=primary}. Client view of cluster state is {type=UNKNOWN, servers=[{address=localhost:27017, type=UNKNOWN, state=CONNECTING, exception={com.mongodb.MongoSocketOpenException: Exception opening socket}, caused by {java.net.ConnectException: Connection refused: getsockopt}}]
	at com.mongodb.internal.connection.BaseCluster.logAndThrowTimeoutException(BaseCluster.java:431)
	at com.mongodb.internal.connection.BaseCluster.lambda$selectServer$0(BaseCluster.java:166)
	at com.mongodb.internal.time.Timeout.lambda$onExistsAndExpired$16(Timeout.java:238)
	at com.mongodb.internal.time.Timeout.lambda$run$10(Timeout.java:203)
	at com.mongodb.internal.time.TimePoint.checkedCall(TimePoint.java:99)
	at com.mongodb.internal.time.Timeout.call(Timeout.java:176)
	at com.mongodb.internal.time.Timeout.run(Timeout.java:196)
	at com.mongodb.internal.time.Timeout.onExistsAndExpired(Timeout.java:235)
	at com.mongodb.internal.time.Timeout.onExpired(Timeout.java:228)
	at com.mongodb.internal.connection.BaseCluster.selectServer(BaseCluster.java:165)
	at com.mongodb.internal.connection.SingleServerCluster.selectServer(SingleServerCluster.java:47)
	at com.mongodb.internal.binding.ClusterBinding.getReadConnectionSource(ClusterBinding.java:82)
	at com.mongodb.client.internal.ClientSessionBinding.getConnectionSource(ClientSessionBinding.java:108)
	at com.mongodb.client.internal.ClientSessionBinding.getReadConnectionSource(ClientSessionBinding.java:88)
	at com.mongodb.internal.operation.SyncOperationHelper.withSuppliedResource(SyncOperationHelper.java:148)
	at com.mongodb.internal.operation.SyncOperationHelper.withSourceAndConnection(SyncOperationHelper.java:129)
	at com.mongodb.internal.operation.SyncOperationHelper.lambda$executeRetryableRead$4(SyncOperationHelper.java:195)
	at com.mongodb.internal.operation.SyncOperationHelper.lambda$decorateReadWithRetries$13(SyncOperationHelper.java:317)
	at com.mongodb.internal.async.function.RetryingSyncSupplier.get(RetryingSyncSupplier.java:67)
	at com.mongodb.internal.operation.SyncOperationHelper.executeRetryableRead(SyncOperationHelper.java:201)
	at com.mongodb.internal.operation.SyncOperationHelper.executeRetryableRead(SyncOperationHelper.java:180)
	at com.mongodb.internal.operation.ListDatabasesOperation.execute(ListDatabasesOperation.java:112)
	at com.mongodb.internal.operation.ListDatabasesOperation.execute(ListDatabasesOperation.java:45)
	at com.mongodb.client.internal.MongoClusterImpl$OperationExecutorImpl.execute(MongoClusterImpl.java:426)
	at com.mongodb.client.internal.MongoIterableImpl.execute(MongoIterableImpl.java:156)
	at com.mongodb.client.internal.MongoIterableImpl.iterator(MongoIterableImpl.java:116)
	at com.mongodb.client.internal.MongoIterableImpl.forEach(MongoIterableImpl.java:142)
	at com.mongodb.client.internal.MappingIterable.forEach(MappingIterable.java:62)
	at org.springframework.boot.mongodb.health.MongoHealthIndicator.doHealthCheck(MongoHealthIndicator.java:56)
	at org.springframework.boot.health.contributor.AbstractHealthIndicator.health(AbstractHealthIndicator.java:80)
	at org.springframework.boot.health.contributor.HealthIndicator.health(HealthIndicator.java:37)
	at org.springframework.boot.health.actuate.endpoint.Contributor$Blocking.getDescriptor(Contributor.java:148)
	at org.springframework.boot.health.actuate.endpoint.Contributor$Blocking.getDescriptor(Contributor.java:126)
	at org.springframework.boot.health.actuate.endpoint.HealthEndpointSupport.getDescriptorAndLogIfSlow(HealthEndpointSupport.java:172)
	at org.springframework.boot.health.actuate.endpoint.HealthEndpointSupport.getDescriptor(HealthEndpointSupport.java:145)
	at org.springframework.boot.health.actuate.endpoint.HealthEndpointSupport.getAggregateDescriptor(HealthEndpointSupport.java:157)
	at org.springframework.boot.health.actuate.endpoint.HealthEndpointSupport.getDescriptor(HealthEndpointSupport.java:141)
	at org.springframework.boot.health.actuate.endpoint.HealthEndpointSupport.getResult(HealthEndpointSupport.java:110)
	at org.springframework.boot.health.actuate.endpoint.HealthEndpointSupport.getResult(HealthEndpointSupport.java:82)
	at org.springframework.boot.health.actuate.endpoint.HealthEndpoint.health(HealthEndpoint.java:80)
	at org.springframework.boot.health.actuate.endpoint.HealthEndpoint.health(HealthEndpoint.java:70)
	at java.base/jdk.internal.reflect.DirectMethodHandleAccessor.invoke(DirectMethodHandleAccessor.java:103)
	at java.base/java.lang.reflect.Method.invoke(Method.java:580)
	at org.springframework.util.ReflectionUtils.invokeMethod(ReflectionUtils.java:281)
	at org.springframework.boot.actuate.endpoint.invoke.reflect.ReflectiveOperationInvoker.invoke(ReflectiveOperationInvoker.java:76)
	at org.springframework.boot.actuate.endpoint.annotation.AbstractDiscoveredOperation.invoke(AbstractDiscoveredOperation.java:62)
	at org.springframework.boot.actuate.endpoint.jmx.EndpointMBean.invoke(EndpointMBean.java:127)
	at org.springframework.boot.actuate.endpoint.jmx.EndpointMBean.invoke(EndpointMBean.java:99)
	at java.management/com.sun.jmx.interceptor.DefaultMBeanServerInterceptor.invoke(DefaultMBeanServerInterceptor.java:803)
	at java.management/com.sun.jmx.mbeanserver.JmxMBeanServer.invoke(JmxMBeanServer.java:802)
	at java.management.rmi/javax.management.remote.rmi.RMIConnectionImpl.doOperation(RMIConnectionImpl.java:1472)
	at java.management.rmi/javax.management.remote.rmi.RMIConnectionImpl$PrivilegedOperation.run(RMIConnectionImpl.java:1310)
	at java.management.rmi/javax.management.remote.rmi.RMIConnectionImpl.doPrivilegedOperation(RMIConnectionImpl.java:1405)
	at java.management.rmi/javax.management.remote.rmi.RMIConnectionImpl.invoke(RMIConnectionImpl.java:829)
	at java.base/jdk.internal.reflect.DirectMethodHandleAccessor.invoke(DirectMethodHandleAccessor.java:103)
	at java.base/java.lang.reflect.Method.invoke(Method.java:580)
	at java.rmi/sun.rmi.server.UnicastServerRef.dispatch(UnicastServerRef.java:360)
	at java.rmi/sun.rmi.transport.Transport$1.run(Transport.java:200)
	at java.rmi/sun.rmi.transport.Transport$1.run(Transport.java:197)
	at java.base/java.security.AccessController.doPrivileged(AccessController.java:714)
	at java.rmi/sun.rmi.transport.Transport.serviceCall(Transport.java:196)
	at java.rmi/sun.rmi.transport.tcp.TCPTransport.handleMessages(TCPTransport.java:598)
	at java.rmi/sun.rmi.transport.tcp.TCPTransport$ConnectionHandler.run0(TCPTransport.java:844)
	at java.rmi/sun.rmi.transport.tcp.TCPTransport$ConnectionHandler.lambda$run$0(TCPTransport.java:721)
	at java.base/java.security.AccessController.doPrivileged(AccessController.java:400)
	at java.rmi/sun.rmi.transport.tcp.TCPTransport$ConnectionHandler.run(TCPTransport.java:720)
	at java.base/java.util.concurrent.ThreadPoolExecutor.runWorker(ThreadPoolExecutor.java:1144)
	at java.base/java.util.concurrent.ThreadPoolExecutor$Worker.run(ThreadPoolExecutor.java:642)
	at java.base/java.lang.Thread.run(Thread.java:1583)
2026-04-18 21:26:43 WARN  [RMI TCP Connection(7)-192.168.101.18] o.s.b.h.a.e.HealthEndpointSupport - Health contributor org.springframework.boot.mongodb.health.MongoHealthIndicator (mongo) took 30017ms to respond
2026-04-19 13:00:35 WARN  [main] org.hibernate.orm.deprecation - HHH90000025: PostgreSQLDialect does not need to be specified explicitly using 'hibernate.dialect' (remove the property setting and it will be selected by default)
2026-04-19 13:00:42 WARN  [main] o.s.s.c.a.a.c.InitializeUserDetailsBeanManagerConfigurer$InitializeUserDetailsManagerConfigurer - Global AuthenticationManager configured with an AuthenticationProvider bean. UserDetailsService beans will not be used by Spring Security for automatically configuring username/password login. Consider removing the AuthenticationProvider bean. Alternatively, consider using the UserDetailsService in a manually instantiated DaoAuthenticationProvider. If the current configuration is intentional, to turn off this warning, increase the logging level of 'org.springframework.security.config.annotation.authentication.configuration.InitializeUserDetailsBeanManagerConfigurer' to ERROR
2026-04-19 13:00:44 WARN  [main] o.s.b.j.a.JpaBaseConfiguration$JpaWebConfiguration - spring.jpa.open-in-view is enabled by default. Therefore, database queries may be performed during view rendering. Explicitly configure spring.jpa.open-in-view to disable this warning
2026-04-19 13:05:30 WARN  [http-nio-8081-exec-9] o.s.web.servlet.PageNotFound - Request method 'GET' is not supported
2026-04-19 13:07:47 WARN  [http-nio-8081-exec-8] o.s.d.w.c.SpringDataJackson3Configuration$PageModule$WarningLoggingModifier - Serializing PageImpl instances as-is is not supported, meaning that there is no guarantee about the stability of the resulting JSON structure!
	For a stable JSON structure, please use Spring Data's PagedModel (globally via @EnableSpringDataWebSupport(pageSerializationMode = VIA_DTO))
	or Spring HATEOAS and Spring Data's PagedResourcesAssembler as documented in https://docs.spring.io/spring-data/commons/reference/repositories/core-extensions.html#core.web.pageables.

2026-04-19 13:17:34 WARN  [main] org.hibernate.orm.deprecation - HHH90000025: PostgreSQLDialect does not need to be specified explicitly using 'hibernate.dialect' (remove the property setting and it will be selected by default)
2026-04-19 13:17:49 WARN  [main] o.s.s.c.a.a.c.InitializeUserDetailsBeanManagerConfigurer$InitializeUserDetailsManagerConfigurer - Global AuthenticationManager configured with an AuthenticationProvider bean. UserDetailsService beans will not be used by Spring Security for automatically configuring username/password login. Consider removing the AuthenticationProvider bean. Alternatively, consider using the UserDetailsService in a manually instantiated DaoAuthenticationProvider. If the current configuration is intentional, to turn off this warning, increase the logging level of 'org.springframework.security.config.annotation.authentication.configuration.InitializeUserDetailsBeanManagerConfigurer' to ERROR
2026-04-19 13:17:51 WARN  [main] o.s.b.j.a.JpaBaseConfiguration$JpaWebConfiguration - spring.jpa.open-in-view is enabled by default. Therefore, database queries may be performed during view rendering. Explicitly configure spring.jpa.open-in-view to disable this warning
2026-04-19 13:21:34 WARN  [http-nio-8081-exec-4] o.s.d.w.c.SpringDataJackson3Configuration$PageModule$WarningLoggingModifier - Serializing PageImpl instances as-is is not supported, meaning that there is no guarantee about the stability of the resulting JSON structure!
	For a stable JSON structure, please use Spring Data's PagedModel (globally via @EnableSpringDataWebSupport(pageSerializationMode = VIA_DTO))
	or Spring HATEOAS and Spring Data's PagedResourcesAssembler as documented in https://docs.spring.io/spring-data/commons/reference/repositories/core-extensions.html#core.web.pageables.

2026-04-21 23:20:13 WARN  [main] org.hibernate.orm.deprecation - HHH90000025: PostgreSQLDialect does not need to be specified explicitly using 'hibernate.dialect' (remove the property setting and it will be selected by default)
2026-04-21 23:20:17 WARN  [main] o.s.s.c.a.a.c.InitializeUserDetailsBeanManagerConfigurer$InitializeUserDetailsManagerConfigurer - Global AuthenticationManager configured with an AuthenticationProvider bean. UserDetailsService beans will not be used by Spring Security for automatically configuring username/password login. Consider removing the AuthenticationProvider bean. Alternatively, consider using the UserDetailsService in a manually instantiated DaoAuthenticationProvider. If the current configuration is intentional, to turn off this warning, increase the logging level of 'org.springframework.security.config.annotation.authentication.configuration.InitializeUserDetailsBeanManagerConfigurer' to ERROR
2026-04-21 23:20:18 WARN  [main] o.s.b.j.a.JpaBaseConfiguration$JpaWebConfiguration - spring.jpa.open-in-view is enabled by default. Therefore, database queries may be performed during view rendering. Explicitly configure spring.jpa.open-in-view to disable this warning
2026-04-21 23:20:52 WARN  [RMI TCP Connection(2)-192.168.101.18] o.s.b.m.health.MongoHealthIndicator - MongoDB health check failed
com.mongodb.MongoTimeoutException: Timed out while waiting for a server that matches ReadPreferenceServerSelector{readPreference=primary}. Client view of cluster state is {type=UNKNOWN, servers=[{address=localhost:27017, type=UNKNOWN, state=CONNECTING, exception={com.mongodb.MongoSocketOpenException: Exception opening socket}, caused by {java.net.ConnectException: Connection refused: getsockopt}}]
	at com.mongodb.internal.connection.BaseCluster.logAndThrowTimeoutException(BaseCluster.java:431)
	at com.mongodb.internal.connection.BaseCluster.lambda$selectServer$0(BaseCluster.java:166)
	at com.mongodb.internal.time.Timeout.lambda$onExistsAndExpired$16(Timeout.java:238)
	at com.mongodb.internal.time.Timeout.lambda$run$10(Timeout.java:203)
	at com.mongodb.internal.time.TimePoint.checkedCall(TimePoint.java:99)
	at com.mongodb.internal.time.Timeout.call(Timeout.java:176)
	at com.mongodb.internal.time.Timeout.run(Timeout.java:196)
	at com.mongodb.internal.time.Timeout.onExistsAndExpired(Timeout.java:235)
	at com.mongodb.internal.time.Timeout.onExpired(Timeout.java:228)
	at com.mongodb.internal.connection.BaseCluster.selectServer(BaseCluster.java:165)
	at com.mongodb.internal.connection.SingleServerCluster.selectServer(SingleServerCluster.java:47)
	at com.mongodb.internal.binding.ClusterBinding.getReadConnectionSource(ClusterBinding.java:82)
	at com.mongodb.client.internal.ClientSessionBinding.getConnectionSource(ClientSessionBinding.java:108)
	at com.mongodb.client.internal.ClientSessionBinding.getReadConnectionSource(ClientSessionBinding.java:88)
	at com.mongodb.internal.operation.SyncOperationHelper.withSuppliedResource(SyncOperationHelper.java:148)
	at com.mongodb.internal.operation.SyncOperationHelper.withSourceAndConnection(SyncOperationHelper.java:129)
	at com.mongodb.internal.operation.SyncOperationHelper.lambda$executeRetryableRead$4(SyncOperationHelper.java:195)
	at com.mongodb.internal.operation.SyncOperationHelper.lambda$decorateReadWithRetries$13(SyncOperationHelper.java:317)
	at com.mongodb.internal.async.function.RetryingSyncSupplier.get(RetryingSyncSupplier.java:67)
	at com.mongodb.internal.operation.SyncOperationHelper.executeRetryableRead(SyncOperationHelper.java:201)
	at com.mongodb.internal.operation.SyncOperationHelper.executeRetryableRead(SyncOperationHelper.java:180)
	at com.mongodb.internal.operation.ListDatabasesOperation.execute(ListDatabasesOperation.java:112)
	at com.mongodb.internal.operation.ListDatabasesOperation.execute(ListDatabasesOperation.java:45)
	at com.mongodb.client.internal.MongoClusterImpl$OperationExecutorImpl.execute(MongoClusterImpl.java:426)
	at com.mongodb.client.internal.MongoIterableImpl.execute(MongoIterableImpl.java:156)
	at com.mongodb.client.internal.MongoIterableImpl.iterator(MongoIterableImpl.java:116)
	at com.mongodb.client.internal.MongoIterableImpl.forEach(MongoIterableImpl.java:142)
	at com.mongodb.client.internal.MappingIterable.forEach(MappingIterable.java:62)
	at org.springframework.boot.mongodb.health.MongoHealthIndicator.doHealthCheck(MongoHealthIndicator.java:56)
	at org.springframework.boot.health.contributor.AbstractHealthIndicator.health(AbstractHealthIndicator.java:80)
	at org.springframework.boot.health.contributor.HealthIndicator.health(HealthIndicator.java:37)
	at org.springframework.boot.health.actuate.endpoint.Contributor$Blocking.getDescriptor(Contributor.java:148)
	at org.springframework.boot.health.actuate.endpoint.Contributor$Blocking.getDescriptor(Contributor.java:126)
	at org.springframework.boot.health.actuate.endpoint.HealthEndpointSupport.getDescriptorAndLogIfSlow(HealthEndpointSupport.java:172)
	at org.springframework.boot.health.actuate.endpoint.HealthEndpointSupport.getDescriptor(HealthEndpointSupport.java:145)
	at org.springframework.boot.health.actuate.endpoint.HealthEndpointSupport.getAggregateDescriptor(HealthEndpointSupport.java:157)
	at org.springframework.boot.health.actuate.endpoint.HealthEndpointSupport.getDescriptor(HealthEndpointSupport.java:141)
	at org.springframework.boot.health.actuate.endpoint.HealthEndpointSupport.getResult(HealthEndpointSupport.java:110)
	at org.springframework.boot.health.actuate.endpoint.HealthEndpointSupport.getResult(HealthEndpointSupport.java:82)
	at org.springframework.boot.health.actuate.endpoint.HealthEndpoint.health(HealthEndpoint.java:80)
	at org.springframework.boot.health.actuate.endpoint.HealthEndpoint.health(HealthEndpoint.java:70)
	at java.base/jdk.internal.reflect.DirectMethodHandleAccessor.invoke(DirectMethodHandleAccessor.java:103)
	at java.base/java.lang.reflect.Method.invoke(Method.java:580)
	at org.springframework.util.ReflectionUtils.invokeMethod(ReflectionUtils.java:281)
	at org.springframework.boot.actuate.endpoint.invoke.reflect.ReflectiveOperationInvoker.invoke(ReflectiveOperationInvoker.java:76)
	at org.springframework.boot.actuate.endpoint.annotation.AbstractDiscoveredOperation.invoke(AbstractDiscoveredOperation.java:62)
	at org.springframework.boot.actuate.endpoint.jmx.EndpointMBean.invoke(EndpointMBean.java:127)
	at org.springframework.boot.actuate.endpoint.jmx.EndpointMBean.invoke(EndpointMBean.java:99)
	at java.management/com.sun.jmx.interceptor.DefaultMBeanServerInterceptor.invoke(DefaultMBeanServerInterceptor.java:803)
	at java.management/com.sun.jmx.mbeanserver.JmxMBeanServer.invoke(JmxMBeanServer.java:802)
	at java.management.rmi/javax.management.remote.rmi.RMIConnectionImpl.doOperation(RMIConnectionImpl.java:1472)
	at java.management.rmi/javax.management.remote.rmi.RMIConnectionImpl$PrivilegedOperation.run(RMIConnectionImpl.java:1310)
	at java.management.rmi/javax.management.remote.rmi.RMIConnectionImpl.doPrivilegedOperation(RMIConnectionImpl.java:1405)
	at java.management.rmi/javax.management.remote.rmi.RMIConnectionImpl.invoke(RMIConnectionImpl.java:829)
	at java.base/jdk.internal.reflect.DirectMethodHandleAccessor.invoke(DirectMethodHandleAccessor.java:103)
	at java.base/java.lang.reflect.Method.invoke(Method.java:580)
	at java.rmi/sun.rmi.server.UnicastServerRef.dispatch(UnicastServerRef.java:360)
	at java.rmi/sun.rmi.transport.Transport$1.run(Transport.java:200)
	at java.rmi/sun.rmi.transport.Transport$1.run(Transport.java:197)
	at java.base/java.security.AccessController.doPrivileged(AccessController.java:714)
	at java.rmi/sun.rmi.transport.Transport.serviceCall(Transport.java:196)
	at java.rmi/sun.rmi.transport.tcp.TCPTransport.handleMessages(TCPTransport.java:598)
	at java.rmi/sun.rmi.transport.tcp.TCPTransport$ConnectionHandler.run0(TCPTransport.java:844)
	at java.rmi/sun.rmi.transport.tcp.TCPTransport$ConnectionHandler.lambda$run$0(TCPTransport.java:721)
	at java.base/java.security.AccessController.doPrivileged(AccessController.java:400)
	at java.rmi/sun.rmi.transport.tcp.TCPTransport$ConnectionHandler.run(TCPTransport.java:720)
	at java.base/java.util.concurrent.ThreadPoolExecutor.runWorker(ThreadPoolExecutor.java:1144)
	at java.base/java.util.concurrent.ThreadPoolExecutor$Worker.run(ThreadPoolExecutor.java:642)
	at java.base/java.lang.Thread.run(Thread.java:1583)
2026-04-21 23:20:52 WARN  [RMI TCP Connection(2)-192.168.101.18] o.s.b.h.a.e.HealthEndpointSupport - Health contributor org.springframework.boot.mongodb.health.MongoHealthIndicator (mongo) took 30033ms to respond
2026-04-21 23:22:13 WARN  [http-nio-8081-exec-1] o.s.d.w.c.SpringDataJackson3Configuration$PageModule$WarningLoggingModifier - Serializing PageImpl instances as-is is not supported, meaning that there is no guarantee about the stability of the resulting JSON structure!
	For a stable JSON structure, please use Spring Data's PagedModel (globally via @EnableSpringDataWebSupport(pageSerializationMode = VIA_DTO))
	or Spring HATEOAS and Spring Data's PagedResourcesAssembler as documented in https://docs.spring.io/spring-data/commons/reference/repositories/core-extensions.html#core.web.pageables.

2026-05-06 21:54:14 WARN  [main] org.hibernate.orm.jdbc.error - HHH000247: ErrorCode: 0, SQLState: 08001
2026-05-06 21:54:14 WARN  [main] org.hibernate.orm.jdbc.error - El intento de conexión falló.
2026-05-06 21:54:14 WARN  [main] org.hibernate.orm.jdbc - HHH100046: Could not obtain connection to query JDBC database metadata
org.hibernate.exception.JDBCConnectionException: Unable to obtain isolated JDBC connection [El intento de conexión falló.] [n/a]
	at org.hibernate.exception.internal.SQLStateConversionDelegate.convert(SQLStateConversionDelegate.java:80)
	at org.hibernate.exception.internal.StandardSQLExceptionConverter.convert(StandardSQLExceptionConverter.java:34)
	at org.hibernate.engine.jdbc.spi.SqlExceptionHelper.convert(SqlExceptionHelper.java:115)
	at org.hibernate.engine.jdbc.spi.SqlExceptionHelper.convert(SqlExceptionHelper.java:101)
	at org.hibernate.resource.transaction.backend.jdbc.internal.JdbcIsolationDelegate.delegateWork(JdbcIsolationDelegate.java:51)
	at org.hibernate.engine.jdbc.env.internal.JdbcEnvironmentInitiator.getJdbcEnvironmentUsingJdbcMetadata(JdbcEnvironmentInitiator.java:366)
	at org.hibernate.engine.jdbc.env.internal.JdbcEnvironmentInitiator.getJdbcEnvironment(JdbcEnvironmentInitiator.java:143)
	at org.hibernate.engine.jdbc.env.internal.JdbcEnvironmentInitiator.initiateService(JdbcEnvironmentInitiator.java:120)
	at org.hibernate.engine.jdbc.env.internal.JdbcEnvironmentInitiator.initiateService(JdbcEnvironmentInitiator.java:80)
	at org.hibernate.boot.registry.internal.StandardServiceRegistryImpl.initiateService(StandardServiceRegistryImpl.java:133)
	at org.hibernate.service.internal.AbstractServiceRegistryImpl.createService(AbstractServiceRegistryImpl.java:260)
	at org.hibernate.service.internal.AbstractServiceRegistryImpl.initializeService(AbstractServiceRegistryImpl.java:235)
	at org.hibernate.service.internal.AbstractServiceRegistryImpl.getService(AbstractServiceRegistryImpl.java:212)
	at org.hibernate.boot.model.relational.Database.<init>(Database.java:44)
	at org.hibernate.boot.internal.InFlightMetadataCollectorImpl.getDatabase(InFlightMetadataCollectorImpl.java:251)
	at org.hibernate.boot.internal.InFlightMetadataCollectorImpl.<init>(InFlightMetadataCollectorImpl.java:203)
	at org.hibernate.boot.model.process.spi.MetadataBuildingProcess.complete(MetadataBuildingProcess.java:170)
	at org.hibernate.jpa.boot.internal.EntityManagerFactoryBuilderImpl.metadata(EntityManagerFactoryBuilderImpl.java:1392)
	at org.hibernate.jpa.boot.internal.EntityManagerFactoryBuilderImpl.populateSessionFactoryBuilder(EntityManagerFactoryBuilderImpl.java:1472)
	at org.hibernate.jpa.boot.internal.EntityManagerFactoryBuilderImpl.build(EntityManagerFactoryBuilderImpl.java:1454)
	at org.springframework.orm.jpa.vendor.SpringHibernateJpaPersistenceProvider.createContainerEntityManagerFactory(SpringHibernateJpaPersistenceProvider.java:66)
	at org.springframework.orm.jpa.LocalContainerEntityManagerFactoryBean.createNativeEntityManagerFactory(LocalContainerEntityManagerFactoryBean.java:433)
	at org.springframework.orm.jpa.AbstractEntityManagerFactoryBean.buildNativeEntityManagerFactory(AbstractEntityManagerFactoryBean.java:416)
	at org.springframework.orm.jpa.AbstractEntityManagerFactoryBean.afterPropertiesSet(AbstractEntityManagerFactoryBean.java:396)
	at org.springframework.orm.jpa.LocalContainerEntityManagerFactoryBean.afterPropertiesSet(LocalContainerEntityManagerFactoryBean.java:409)
	at org.springframework.beans.factory.support.AbstractAutowireCapableBeanFactory.invokeInitMethods(AbstractAutowireCapableBeanFactory.java:1864)
	at org.springframework.beans.factory.support.AbstractAutowireCapableBeanFactory.initializeBean(AbstractAutowireCapableBeanFactory.java:1813)
	at org.springframework.beans.factory.support.AbstractAutowireCapableBeanFactory.doCreateBean(AbstractAutowireCapableBeanFactory.java:603)
	at org.springframework.beans.factory.support.AbstractAutowireCapableBeanFactory.createBean(AbstractAutowireCapableBeanFactory.java:525)
	at org.springframework.beans.factory.support.AbstractBeanFactory.lambda$doGetBean$0(AbstractBeanFactory.java:333)
	at org.springframework.beans.factory.support.DefaultSingletonBeanRegistry.getSingleton(DefaultSingletonBeanRegistry.java:371)
	at org.springframework.beans.factory.support.AbstractBeanFactory.doGetBean(AbstractBeanFactory.java:331)
	at org.springframework.beans.factory.support.AbstractBeanFactory.getBean(AbstractBeanFactory.java:196)
	at org.springframework.beans.factory.support.BeanDefinitionValueResolver.resolveReference(BeanDefinitionValueResolver.java:365)
	at org.springframework.beans.factory.support.BeanDefinitionValueResolver.resolveValueIfNecessary(BeanDefinitionValueResolver.java:135)
	at org.springframework.beans.factory.support.ConstructorResolver.resolveConstructorArguments(ConstructorResolver.java:691)
	at org.springframework.beans.factory.support.ConstructorResolver.instantiateUsingFactoryMethod(ConstructorResolver.java:513)
	at org.springframework.beans.factory.support.AbstractAutowireCapableBeanFactory.instantiateUsingFactoryMethod(AbstractAutowireCapableBeanFactory.java:1362)
	at org.springframework.beans.factory.support.AbstractAutowireCapableBeanFactory.createBeanInstance(AbstractAutowireCapableBeanFactory.java:1194)
	at org.springframework.beans.factory.support.AbstractAutowireCapableBeanFactory.doCreateBean(AbstractAutowireCapableBeanFactory.java:565)
	at org.springframework.beans.factory.support.AbstractAutowireCapableBeanFactory.createBean(AbstractAutowireCapableBeanFactory.java:525)
	at org.springframework.beans.factory.support.AbstractBeanFactory.lambda$doGetBean$0(AbstractBeanFactory.java:333)
	at org.springframework.beans.factory.support.DefaultSingletonBeanRegistry.getSingleton(DefaultSingletonBeanRegistry.java:371)
	at org.springframework.beans.factory.support.AbstractBeanFactory.doGetBean(AbstractBeanFactory.java:331)
	at org.springframework.beans.factory.support.AbstractBeanFactory.getBean(AbstractBeanFactory.java:201)
	at org.springframework.beans.factory.support.BeanDefinitionValueResolver.resolveReference(BeanDefinitionValueResolver.java:356)
	at org.springframework.beans.factory.support.BeanDefinitionValueResolver.resolveValueIfNecessary(BeanDefinitionValueResolver.java:135)
	at org.springframework.beans.factory.support.AbstractAutowireCapableBeanFactory.applyPropertyValues(AbstractAutowireCapableBeanFactory.java:1712)
	at org.springframework.beans.factory.support.AbstractAutowireCapableBeanFactory.populateBean(AbstractAutowireCapableBeanFactory.java:1461)
	at org.springframework.beans.factory.support.AbstractAutowireCapableBeanFactory.doCreateBean(AbstractAutowireCapableBeanFactory.java:602)
	at org.springframework.beans.factory.support.AbstractAutowireCapableBeanFactory.createBean(AbstractAutowireCapableBeanFactory.java:525)
	at org.springframework.beans.factory.support.AbstractBeanFactory.lambda$doGetBean$0(AbstractBeanFactory.java:333)
	at org.springframework.beans.factory.support.DefaultSingletonBeanRegistry.getSingleton(DefaultSingletonBeanRegistry.java:371)
	at org.springframework.beans.factory.support.AbstractBeanFactory.doGetBean(AbstractBeanFactory.java:331)
	at org.springframework.beans.factory.support.AbstractBeanFactory.getBean(AbstractBeanFactory.java:201)
	at org.springframework.beans.factory.support.DefaultListableBeanFactory.resolveBean(DefaultListableBeanFactory.java:1225)
	at org.springframework.beans.factory.support.DefaultListableBeanFactory.doResolveDependency(DefaultListableBeanFactory.java:1704)
	at org.springframework.beans.factory.support.DefaultListableBeanFactory.resolveDependency(DefaultListableBeanFactory.java:1651)
	at org.springframework.beans.factory.support.ConstructorResolver.resolveAutowiredArgument(ConstructorResolver.java:912)
	at org.springframework.beans.factory.support.ConstructorResolver.createArgumentArray(ConstructorResolver.java:791)
	at org.springframework.beans.factory.support.ConstructorResolver.autowireConstructor(ConstructorResolver.java:240)
	at org.springframework.beans.factory.support.AbstractAutowireCapableBeanFactory.autowireConstructor(AbstractAutowireCapableBeanFactory.java:1382)
	at org.springframework.beans.factory.support.AbstractAutowireCapableBeanFactory.createBeanInstance(AbstractAutowireCapableBeanFactory.java:1221)
	at org.springframework.beans.factory.support.AbstractAutowireCapableBeanFactory.doCreateBean(AbstractAutowireCapableBeanFactory.java:565)
	at org.springframework.beans.factory.support.AbstractAutowireCapableBeanFactory.createBean(AbstractAutowireCapableBeanFactory.java:525)
	at org.springframework.beans.factory.support.AbstractBeanFactory.lambda$doGetBean$0(AbstractBeanFactory.java:333)
	at org.springframework.beans.factory.support.DefaultSingletonBeanRegistry.getSingleton(DefaultSingletonBeanRegistry.java:371)
	at org.springframework.beans.factory.support.AbstractBeanFactory.doGetBean(AbstractBeanFactory.java:331)
	at org.springframework.beans.factory.support.AbstractBeanFactory.getBean(AbstractBeanFactory.java:201)
	at org.springframework.beans.factory.config.DependencyDescriptor.resolveCandidate(DependencyDescriptor.java:229)
	at org.springframework.beans.factory.support.DefaultListableBeanFactory.doResolveDependency(DefaultListableBeanFactory.java:1762)
	at org.springframework.beans.factory.support.DefaultListableBeanFactory.resolveDependency(DefaultListableBeanFactory.java:1651)
	at org.springframework.beans.factory.support.ConstructorResolver.resolveAutowiredArgument(ConstructorResolver.java:912)
	at org.springframework.beans.factory.support.ConstructorResolver.createArgumentArray(ConstructorResolver.java:791)
	at org.springframework.beans.factory.support.ConstructorResolver.autowireConstructor(ConstructorResolver.java:240)
	at org.springframework.beans.factory.support.AbstractAutowireCapableBeanFactory.autowireConstructor(AbstractAutowireCapableBeanFactory.java:1382)
	at org.springframework.beans.factory.support.AbstractAutowireCapableBeanFactory.createBeanInstance(AbstractAutowireCapableBeanFactory.java:1221)
	at org.springframework.beans.factory.support.AbstractAutowireCapableBeanFactory.doCreateBean(AbstractAutowireCapableBeanFactory.java:565)
	at org.springframework.beans.factory.support.AbstractAutowireCapableBeanFactory.createBean(AbstractAutowireCapableBeanFactory.java:525)
	at org.springframework.beans.factory.support.AbstractBeanFactory.lambda$doGetBean$0(AbstractBeanFactory.java:333)
	at org.springframework.beans.factory.support.DefaultSingletonBeanRegistry.getSingleton(DefaultSingletonBeanRegistry.java:371)
	at org.springframework.beans.factory.support.AbstractBeanFactory.doGetBean(AbstractBeanFactory.java:331)
	at org.springframework.beans.factory.support.AbstractBeanFactory.getBean(AbstractBeanFactory.java:201)
	at org.springframework.boot.web.servlet.ServletContextInitializerBeans.getOrderedBeansOfType(ServletContextInitializerBeans.java:231)
	at org.springframework.boot.web.servlet.ServletContextInitializerBeans.addAsRegistrationBean(ServletContextInitializerBeans.java:185)
	at org.springframework.boot.web.servlet.ServletContextInitializerBeans.addAsRegistrationBean(ServletContextInitializerBeans.java:180)
	at org.springframework.boot.web.servlet.ServletContextInitializerBeans.addAdaptableBeans(ServletContextInitializerBeans.java:165)
	at org.springframework.boot.web.servlet.ServletContextInitializerBeans.<init>(ServletContextInitializerBeans.java:97)
	at org.springframework.boot.web.context.servlet.WebApplicationContextInitializer.initialize(WebApplicationContextInitializer.java:53)
	at org.springframework.boot.tomcat.servlet.DeferredServletContainerInitializers.onStartup(DeferredServletContainerInitializers.java:55)
	at org.apache.catalina.core.StandardContext.startInternal(StandardContext.java:4416)
	at org.apache.catalina.util.LifecycleBase.start(LifecycleBase.java:164)
	at org.apache.catalina.core.ContainerBase$StartChild.call(ContainerBase.java:1162)
	at org.apache.catalina.core.ContainerBase$StartChild.call(ContainerBase.java:1158)
	at java.base/java.util.concurrent.FutureTask.run(FutureTask.java:317)
	at org.apache.tomcat.util.threads.InlineExecutorService.execute(InlineExecutorService.java:81)
	at java.base/java.util.concurrent.AbstractExecutorService.submit(AbstractExecutorService.java:145)
	at org.apache.catalina.core.ContainerBase.startInternal(ContainerBase.java:714)
	at org.apache.catalina.core.StandardHost.startInternal(StandardHost.java:780)
	at org.apache.catalina.util.LifecycleBase.start(LifecycleBase.java:164)
	at org.apache.catalina.core.ContainerBase$StartChild.call(ContainerBase.java:1162)
	at org.apache.catalina.core.ContainerBase$StartChild.call(ContainerBase.java:1158)
	at java.base/java.util.concurrent.FutureTask.run(FutureTask.java:317)
	at org.apache.tomcat.util.threads.InlineExecutorService.execute(InlineExecutorService.java:81)
	at java.base/java.util.concurrent.AbstractExecutorService.submit(AbstractExecutorService.java:145)
	at org.apache.catalina.core.ContainerBase.startInternal(ContainerBase.java:714)
	at org.apache.catalina.core.StandardEngine.startInternal(StandardEngine.java:201)
	at org.apache.catalina.util.LifecycleBase.start(LifecycleBase.java:164)
	at org.apache.catalina.core.StandardService.startInternal(StandardService.java:410)
	at org.apache.catalina.util.LifecycleBase.start(LifecycleBase.java:164)
	at org.apache.catalina.core.StandardServer.startInternal(StandardServer.java:864)
	at org.apache.catalina.util.LifecycleBase.start(LifecycleBase.java:164)
	at org.apache.catalina.startup.Tomcat.start(Tomcat.java:435)
	at org.springframework.boot.tomcat.TomcatWebServer.initialize(TomcatWebServer.java:131)
	at org.springframework.boot.tomcat.TomcatWebServer.<init>(TomcatWebServer.java:110)
	at org.springframework.boot.tomcat.servlet.TomcatServletWebServerFactory.getTomcatWebServer(TomcatServletWebServerFactory.java:408)
	at org.springframework.boot.tomcat.servlet.TomcatServletWebServerFactory.getWebServer(TomcatServletWebServerFactory.java:166)
	at org.springframework.boot.web.server.servlet.context.ServletWebServerApplicationContext.createWebServer(ServletWebServerApplicationContext.java:190)
	at org.springframework.boot.web.server.servlet.context.ServletWebServerApplicationContext.onRefresh(ServletWebServerApplicationContext.java:164)
	at org.springframework.context.support.AbstractApplicationContext.refresh(AbstractApplicationContext.java:614)
	at org.springframework.boot.web.server.servlet.context.ServletWebServerApplicationContext.refresh(ServletWebServerApplicationContext.java:143)
	at org.springframework.boot.SpringApplication.refresh(SpringApplication.java:756)
	at org.springframework.boot.SpringApplication.refreshContext(SpringApplication.java:445)
	at org.springframework.boot.SpringApplication.run(SpringApplication.java:321)
	at org.springframework.boot.SpringApplication.run(SpringApplication.java:1365)
	at org.springframework.boot.SpringApplication.run(SpringApplication.java:1354)
	at com.paeldav.backend.CharterManagementApplication.main(CharterManagementApplication.java:10)
Caused by: org.postgresql.util.PSQLException: El intento de conexión falló.
	at org.postgresql.core.v3.ConnectionFactoryImpl.openConnectionImpl(ConnectionFactoryImpl.java:385)
	at org.postgresql.core.ConnectionFactory.openConnection(ConnectionFactory.java:57)
	at org.postgresql.jdbc.PgConnection.<init>(PgConnection.java:290)
	at org.postgresql.Driver.makeConnection(Driver.java:448)
	at org.postgresql.Driver.connect(Driver.java:298)
	at com.zaxxer.hikari.util.DriverDataSource.getConnection(DriverDataSource.java:144)
	at com.zaxxer.hikari.pool.PoolBase.newConnection(PoolBase.java:373)
	at com.zaxxer.hikari.pool.PoolBase.newPoolEntry(PoolBase.java:210)
	at com.zaxxer.hikari.pool.HikariPool.createPoolEntry(HikariPool.java:488)
	at com.zaxxer.hikari.pool.HikariPool.checkFailFast(HikariPool.java:576)
	at com.zaxxer.hikari.pool.HikariPool.<init>(HikariPool.java:97)
	at com.zaxxer.hikari.HikariDataSource.getConnection(HikariDataSource.java:111)
	at org.hibernate.engine.jdbc.connections.internal.DataSourceConnectionProvider.getConnection(DataSourceConnectionProvider.java:137)
	at org.hibernate.engine.jdbc.env.internal.JdbcEnvironmentInitiator$ConnectionProviderJdbcConnectionAccess.obtainConnection(JdbcEnvironmentInitiator.java:508)
	at org.hibernate.resource.transaction.backend.jdbc.internal.JdbcIsolationDelegate.delegateWork(JdbcIsolationDelegate.java:48)
	... 122 common frames omitted
Caused by: java.net.UnknownHostException: astranimbus.cbmyiymgqvu1.us-east-2.rds.amazonaws.com
	at java.base/sun.nio.ch.NioSocketImpl.connect(NioSocketImpl.java:567)
	at java.base/java.net.SocksSocketImpl.connect(SocksSocketImpl.java:327)
	at java.base/java.net.Socket.connect(Socket.java:751)
	at org.postgresql.core.PGStream.createSocket(PGStream.java:261)
	at org.postgresql.core.PGStream.<init>(PGStream.java:122)
	at org.postgresql.core.v3.ConnectionFactoryImpl.tryConnect(ConnectionFactoryImpl.java:146)
	at org.postgresql.core.v3.ConnectionFactoryImpl.openConnectionImpl(ConnectionFactoryImpl.java:289)
	... 136 common frames omitted
2026-05-06 21:54:14 WARN  [main] org.hibernate.orm.deprecation - HHH90000025: PostgreSQLDialect does not need to be specified explicitly using 'hibernate.dialect' (remove the property setting and it will be selected by default)
2026-05-06 21:54:18 WARN  [main] org.hibernate.orm.jdbc.error - HHH000247: ErrorCode: 0, SQLState: 08001
2026-05-06 21:54:18 WARN  [main] org.hibernate.orm.jdbc.error - El intento de conexión falló.
2026-05-06 21:54:18 ERROR [main] o.s.o.j.LocalContainerEntityManagerFactoryBean - Failed to initialize JPA EntityManagerFactory: Unable to build Hibernate SessionFactory  [persistence unit: default] ; nested exception is org.hibernate.exception.JDBCConnectionException: Unable to open JDBC Connection for DDL execution [El intento de conexión falló.] [n/a]
2026-05-06 21:54:18 ERROR [main] o.s.b.t.s.DeferredServletContainerInitializers - Error starting Tomcat context. Exception: org.springframework.beans.factory.UnsatisfiedDependencyException. Message: Error creating bean with name 'jwtAuthenticationFilter' defined in file [C:\Users\LENOVO\Desktop\Universidad del Quindío\SÉPTIMO SEMESTRE\Ingeniería de Software 3\Astranimbus\backend\build\classes\java\main\com\paeldav\backend\infraestructure\security\JwtAuthenticationFilter.class]: Unsatisfied dependency expressed through constructor parameter 1: Error creating bean with name 'customUserDetailsService' defined in file [C:\Users\LENOVO\Desktop\Universidad del Quindío\SÉPTIMO SEMESTRE\Ingeniería de Software 3\Astranimbus\backend\build\classes\java\main\com\paeldav\backend\infraestructure\security\CustomUserDetailsService.class]: Unsatisfied dependency expressed through constructor parameter 0: Error creating bean with name 'usuarioRepository' defined in com.paeldav.backend.infraestructure.repository.UsuarioRepository defined in @EnableJpaRepositories declared on DataJpaRepositoriesRegistrar.EnableJpaRepositoriesConfiguration: Cannot resolve reference to bean 'jpaSharedEM_entityManagerFactory' while setting bean property 'entityManager'
2026-05-06 21:54:18 WARN  [main] o.s.b.w.s.s.c.AnnotationConfigServletWebServerApplicationContext - Exception encountered during context initialization - cancelling refresh attempt: org.springframework.context.ApplicationContextException: Unable to start web server
2026-05-06 21:54:18 ERROR [main] o.s.boot.SpringApplication - Application run failed
org.springframework.context.ApplicationContextException: Unable to start web server
	at org.springframework.boot.web.server.servlet.context.ServletWebServerApplicationContext.onRefresh(ServletWebServerApplicationContext.java:167)
	at org.springframework.context.support.AbstractApplicationContext.refresh(AbstractApplicationContext.java:614)
	at org.springframework.boot.web.server.servlet.context.ServletWebServerApplicationContext.refresh(ServletWebServerApplicationContext.java:143)
	at org.springframework.boot.SpringApplication.refresh(SpringApplication.java:756)
	at org.springframework.boot.SpringApplication.refreshContext(SpringApplication.java:445)
	at org.springframework.boot.SpringApplication.run(SpringApplication.java:321)
	at org.springframework.boot.SpringApplication.run(SpringApplication.java:1365)
	at org.springframework.boot.SpringApplication.run(SpringApplication.java:1354)
	at com.paeldav.backend.CharterManagementApplication.main(CharterManagementApplication.java:10)
Caused by: org.springframework.boot.web.server.WebServerException: Unable to start embedded Tomcat
	at org.springframework.boot.tomcat.TomcatWebServer.initialize(TomcatWebServer.java:150)
	at org.springframework.boot.tomcat.TomcatWebServer.<init>(TomcatWebServer.java:110)
	at org.springframework.boot.tomcat.servlet.TomcatServletWebServerFactory.getTomcatWebServer(TomcatServletWebServerFactory.java:408)
	at org.springframework.boot.tomcat.servlet.TomcatServletWebServerFactory.getWebServer(TomcatServletWebServerFactory.java:166)
	at org.springframework.boot.web.server.servlet.context.ServletWebServerApplicationContext.createWebServer(ServletWebServerApplicationContext.java:190)
	at org.springframework.boot.web.server.servlet.context.ServletWebServerApplicationContext.onRefresh(ServletWebServerApplicationContext.java:164)
	... 8 common frames omitted
Caused by: org.springframework.beans.factory.UnsatisfiedDependencyException: Error creating bean with name 'jwtAuthenticationFilter' defined in file [C:\Users\LENOVO\Desktop\Universidad del Quindío\SÉPTIMO SEMESTRE\Ingeniería de Software 3\Astranimbus\backend\build\classes\java\main\com\paeldav\backend\infraestructure\security\JwtAuthenticationFilter.class]: Unsatisfied dependency expressed through constructor parameter 1: Error creating bean with name 'customUserDetailsService' defined in file [C:\Users\LENOVO\Desktop\Universidad del Quindío\SÉPTIMO SEMESTRE\Ingeniería de Software 3\Astranimbus\backend\build\classes\java\main\com\paeldav\backend\infraestructure\security\CustomUserDetailsService.class]: Unsatisfied dependency expressed through constructor parameter 0: Error creating bean with name 'usuarioRepository' defined in com.paeldav.backend.infraestructure.repository.UsuarioRepository defined in @EnableJpaRepositories declared on DataJpaRepositoriesRegistrar.EnableJpaRepositoriesConfiguration: Cannot resolve reference to bean 'jpaSharedEM_entityManagerFactory' while setting bean property 'entityManager'
	at org.springframework.beans.factory.support.ConstructorResolver.createArgumentArray(ConstructorResolver.java:804)
	at org.springframework.beans.factory.support.ConstructorResolver.autowireConstructor(ConstructorResolver.java:240)
	at org.springframework.beans.factory.support.AbstractAutowireCapableBeanFactory.autowireConstructor(AbstractAutowireCapableBeanFactory.java:1382)
	at org.springframework.beans.factory.support.AbstractAutowireCapableBeanFactory.createBeanInstance(AbstractAutowireCapableBeanFactory.java:1221)
	at org.springframework.beans.factory.support.AbstractAutowireCapableBeanFactory.doCreateBean(AbstractAutowireCapableBeanFactory.java:565)
	at org.springframework.beans.factory.support.AbstractAutowireCapableBeanFactory.createBean(AbstractAutowireCapableBeanFactory.java:525)
	at org.springframework.beans.factory.support.AbstractBeanFactory.lambda$doGetBean$0(AbstractBeanFactory.java:333)
	at org.springframework.beans.factory.support.DefaultSingletonBeanRegistry.getSingleton(DefaultSingletonBeanRegistry.java:371)
	at org.springframework.beans.factory.support.AbstractBeanFactory.doGetBean(AbstractBeanFactory.java:331)
	at org.springframework.beans.factory.support.AbstractBeanFactory.getBean(AbstractBeanFactory.java:201)
	at org.springframework.boot.web.servlet.ServletContextInitializerBeans.getOrderedBeansOfType(ServletContextInitializerBeans.java:231)
	at org.springframework.boot.web.servlet.ServletContextInitializerBeans.addAsRegistrationBean(ServletContextInitializerBeans.java:185)
	at org.springframework.boot.web.servlet.ServletContextInitializerBeans.addAsRegistrationBean(ServletContextInitializerBeans.java:180)
	at org.springframework.boot.web.servlet.ServletContextInitializerBeans.addAdaptableBeans(ServletContextInitializerBeans.java:165)
	at org.springframework.boot.web.servlet.ServletContextInitializerBeans.<init>(ServletContextInitializerBeans.java:97)
	at org.springframework.boot.web.context.servlet.WebApplicationContextInitializer.initialize(WebApplicationContextInitializer.java:53)
	at org.springframework.boot.tomcat.servlet.DeferredServletContainerInitializers.onStartup(DeferredServletContainerInitializers.java:55)
	at org.apache.catalina.core.StandardContext.startInternal(StandardContext.java:4416)
	at org.apache.catalina.util.LifecycleBase.start(LifecycleBase.java:164)
	at org.apache.catalina.core.ContainerBase$StartChild.call(ContainerBase.java:1162)
	at org.apache.catalina.core.ContainerBase$StartChild.call(ContainerBase.java:1158)
	at java.base/java.util.concurrent.FutureTask.run(FutureTask.java:317)
	at org.apache.tomcat.util.threads.InlineExecutorService.execute(InlineExecutorService.java:81)
	at java.base/java.util.concurrent.AbstractExecutorService.submit(AbstractExecutorService.java:145)
	at org.apache.catalina.core.ContainerBase.startInternal(ContainerBase.java:714)
	at org.apache.catalina.core.StandardHost.startInternal(StandardHost.java:780)
	at org.apache.catalina.util.LifecycleBase.start(LifecycleBase.java:164)
	at org.apache.catalina.core.ContainerBase$StartChild.call(ContainerBase.java:1162)
	at org.apache.catalina.core.ContainerBase$StartChild.call(ContainerBase.java:1158)
	at java.base/java.util.concurrent.FutureTask.run(FutureTask.java:317)
	at org.apache.tomcat.util.threads.InlineExecutorService.execute(InlineExecutorService.java:81)
	at java.base/java.util.concurrent.AbstractExecutorService.submit(AbstractExecutorService.java:145)
	at org.apache.catalina.core.ContainerBase.startInternal(ContainerBase.java:714)
	at org.apache.catalina.core.StandardEngine.startInternal(StandardEngine.java:201)
	at org.apache.catalina.util.LifecycleBase.start(LifecycleBase.java:164)
	at org.apache.catalina.core.StandardService.startInternal(StandardService.java:410)
	at org.apache.catalina.util.LifecycleBase.start(LifecycleBase.java:164)
	at org.apache.catalina.core.StandardServer.startInternal(StandardServer.java:864)
	at org.apache.catalina.util.LifecycleBase.start(LifecycleBase.java:164)
	at org.apache.catalina.startup.Tomcat.start(Tomcat.java:435)
	at org.springframework.boot.tomcat.TomcatWebServer.initialize(TomcatWebServer.java:131)
	... 13 common frames omitted
Caused by: org.springframework.beans.factory.UnsatisfiedDependencyException: Error creating bean with name 'customUserDetailsService' defined in file [C:\Users\LENOVO\Desktop\Universidad del Quindío\SÉPTIMO SEMESTRE\Ingeniería de Software 3\Astranimbus\backend\build\classes\java\main\com\paeldav\backend\infraestructure\security\CustomUserDetailsService.class]: Unsatisfied dependency expressed through constructor parameter 0: Error creating bean with name 'usuarioRepository' defined in com.paeldav.backend.infraestructure.repository.UsuarioRepository defined in @EnableJpaRepositories declared on DataJpaRepositoriesRegistrar.EnableJpaRepositoriesConfiguration: Cannot resolve reference to bean 'jpaSharedEM_entityManagerFactory' while setting bean property 'entityManager'
	at org.springframework.beans.factory.support.ConstructorResolver.createArgumentArray(ConstructorResolver.java:804)
	at org.springframework.beans.factory.support.ConstructorResolver.autowireConstructor(ConstructorResolver.java:240)
	at org.springframework.beans.factory.support.AbstractAutowireCapableBeanFactory.autowireConstructor(AbstractAutowireCapableBeanFactory.java:1382)
	at org.springframework.beans.factory.support.AbstractAutowireCapableBeanFactory.createBeanInstance(AbstractAutowireCapableBeanFactory.java:1221)
	at org.springframework.beans.factory.support.AbstractAutowireCapableBeanFactory.doCreateBean(AbstractAutowireCapableBeanFactory.java:565)
	at org.springframework.beans.factory.support.AbstractAutowireCapableBeanFactory.createBean(AbstractAutowireCapableBeanFactory.java:525)
	at org.springframework.beans.factory.support.AbstractBeanFactory.lambda$doGetBean$0(AbstractBeanFactory.java:333)
	at org.springframework.beans.factory.support.DefaultSingletonBeanRegistry.getSingleton(DefaultSingletonBeanRegistry.java:371)
	at org.springframework.beans.factory.support.AbstractBeanFactory.doGetBean(AbstractBeanFactory.java:331)
	at org.springframework.beans.factory.support.AbstractBeanFactory.getBean(AbstractBeanFactory.java:201)
	at org.springframework.beans.factory.config.DependencyDescriptor.resolveCandidate(DependencyDescriptor.java:229)
	at org.springframework.beans.factory.support.DefaultListableBeanFactory.doResolveDependency(DefaultListableBeanFactory.java:1762)
	at org.springframework.beans.factory.support.DefaultListableBeanFactory.resolveDependency(DefaultListableBeanFactory.java:1651)
	at org.springframework.beans.factory.support.ConstructorResolver.resolveAutowiredArgument(ConstructorResolver.java:912)
	at org.springframework.beans.factory.support.ConstructorResolver.createArgumentArray(ConstructorResolver.java:791)
	... 53 common frames omitted
Caused by: org.springframework.beans.factory.BeanCreationException: Error creating bean with name 'usuarioRepository' defined in com.paeldav.backend.infraestructure.repository.UsuarioRepository defined in @EnableJpaRepositories declared on DataJpaRepositoriesRegistrar.EnableJpaRepositoriesConfiguration: Cannot resolve reference to bean 'jpaSharedEM_entityManagerFactory' while setting bean property 'entityManager'
	at org.springframework.beans.factory.support.BeanDefinitionValueResolver.resolveReference(BeanDefinitionValueResolver.java:377)
	at org.springframework.beans.factory.support.BeanDefinitionValueResolver.resolveValueIfNecessary(BeanDefinitionValueResolver.java:135)
	at org.springframework.beans.factory.support.AbstractAutowireCapableBeanFactory.applyPropertyValues(AbstractAutowireCapableBeanFactory.java:1712)
	at org.springframework.beans.factory.support.AbstractAutowireCapableBeanFactory.populateBean(AbstractAutowireCapableBeanFactory.java:1461)
	at org.springframework.beans.factory.support.AbstractAutowireCapableBeanFactory.doCreateBean(AbstractAutowireCapableBeanFactory.java:602)
	at org.springframework.beans.factory.support.AbstractAutowireCapableBeanFactory.createBean(AbstractAutowireCapableBeanFactory.java:525)
	at org.springframework.beans.factory.support.AbstractBeanFactory.lambda$doGetBean$0(AbstractBeanFactory.java:333)
	at org.springframework.beans.factory.support.DefaultSingletonBeanRegistry.getSingleton(DefaultSingletonBeanRegistry.java:371)
	at org.springframework.beans.factory.support.AbstractBeanFactory.doGetBean(AbstractBeanFactory.java:331)
	at org.springframework.beans.factory.support.AbstractBeanFactory.getBean(AbstractBeanFactory.java:201)
	at org.springframework.beans.factory.support.DefaultListableBeanFactory.resolveBean(DefaultListableBeanFactory.java:1225)
	at org.springframework.beans.factory.support.DefaultListableBeanFactory.doResolveDependency(DefaultListableBeanFactory.java:1704)
	at org.springframework.beans.factory.support.DefaultListableBeanFactory.resolveDependency(DefaultListableBeanFactory.java:1651)
	at org.springframework.beans.factory.support.ConstructorResolver.resolveAutowiredArgument(ConstructorResolver.java:912)
	at org.springframework.beans.factory.support.ConstructorResolver.createArgumentArray(ConstructorResolver.java:791)
	... 67 common frames omitted
Caused by: org.springframework.beans.factory.BeanCreationException: Error creating bean with name 'jpaSharedEM_entityManagerFactory': Cannot resolve reference to bean 'entityManagerFactory' while setting constructor argument
	at org.springframework.beans.factory.support.BeanDefinitionValueResolver.resolveReference(BeanDefinitionValueResolver.java:377)
	at org.springframework.beans.factory.support.BeanDefinitionValueResolver.resolveValueIfNecessary(BeanDefinitionValueResolver.java:135)
	at org.springframework.beans.factory.support.ConstructorResolver.resolveConstructorArguments(ConstructorResolver.java:691)
	at org.springframework.beans.factory.support.ConstructorResolver.instantiateUsingFactoryMethod(ConstructorResolver.java:513)
	at org.springframework.beans.factory.support.AbstractAutowireCapableBeanFactory.instantiateUsingFactoryMethod(AbstractAutowireCapableBeanFactory.java:1362)
	at org.springframework.beans.factory.support.AbstractAutowireCapableBeanFactory.createBeanInstance(AbstractAutowireCapableBeanFactory.java:1194)
	at org.springframework.beans.factory.support.AbstractAutowireCapableBeanFactory.doCreateBean(AbstractAutowireCapableBeanFactory.java:565)
	at org.springframework.beans.factory.support.AbstractAutowireCapableBeanFactory.createBean(AbstractAutowireCapableBeanFactory.java:525)
	at org.springframework.beans.factory.support.AbstractBeanFactory.lambda$doGetBean$0(AbstractBeanFactory.java:333)
	at org.springframework.beans.factory.support.DefaultSingletonBeanRegistry.getSingleton(DefaultSingletonBeanRegistry.java:371)
	at org.springframework.beans.factory.support.AbstractBeanFactory.doGetBean(AbstractBeanFactory.java:331)
	at org.springframework.beans.factory.support.AbstractBeanFactory.getBean(AbstractBeanFactory.java:201)
	at org.springframework.beans.factory.support.BeanDefinitionValueResolver.resolveReference(BeanDefinitionValueResolver.java:356)
	... 81 common frames omitted
Caused by: org.springframework.beans.factory.BeanCreationException: Error creating bean with name 'entityManagerFactory' defined in class path resource [org/springframework/boot/hibernate/autoconfigure/HibernateJpaConfiguration.class]: Unable to build Hibernate SessionFactory  [persistence unit: default] ; nested exception is org.hibernate.exception.JDBCConnectionException: Unable to open JDBC Connection for DDL execution [El intento de conexión falló.] [n/a]
	at org.springframework.beans.factory.support.AbstractAutowireCapableBeanFactory.initializeBean(AbstractAutowireCapableBeanFactory.java:1817)
	at org.springframework.beans.factory.support.AbstractAutowireCapableBeanFactory.doCreateBean(AbstractAutowireCapableBeanFactory.java:603)
	at org.springframework.beans.factory.support.AbstractAutowireCapableBeanFactory.createBean(AbstractAutowireCapableBeanFactory.java:525)
	at org.springframework.beans.factory.support.AbstractBeanFactory.lambda$doGetBean$0(AbstractBeanFactory.java:333)
	at org.springframework.beans.factory.support.DefaultSingletonBeanRegistry.getSingleton(DefaultSingletonBeanRegistry.java:371)
	at org.springframework.beans.factory.support.AbstractBeanFactory.doGetBean(AbstractBeanFactory.java:331)
	at org.springframework.beans.factory.support.AbstractBeanFactory.getBean(AbstractBeanFactory.java:196)
	at org.springframework.beans.factory.support.BeanDefinitionValueResolver.resolveReference(BeanDefinitionValueResolver.java:365)
	... 93 common frames omitted
Caused by: jakarta.persistence.PersistenceException: Unable to build Hibernate SessionFactory  [persistence unit: default] ; nested exception is org.hibernate.exception.JDBCConnectionException: Unable to open JDBC Connection for DDL execution [El intento de conexión falló.] [n/a]
	at org.springframework.orm.jpa.AbstractEntityManagerFactoryBean.buildNativeEntityManagerFactory(AbstractEntityManagerFactoryBean.java:428)
	at org.springframework.orm.jpa.AbstractEntityManagerFactoryBean.afterPropertiesSet(AbstractEntityManagerFactoryBean.java:396)
	at org.springframework.orm.jpa.LocalContainerEntityManagerFactoryBean.afterPropertiesSet(LocalContainerEntityManagerFactoryBean.java:409)
	at org.springframework.beans.factory.support.AbstractAutowireCapableBeanFactory.invokeInitMethods(AbstractAutowireCapableBeanFactory.java:1864)
	at org.springframework.beans.factory.support.AbstractAutowireCapableBeanFactory.initializeBean(AbstractAutowireCapableBeanFactory.java:1813)
	... 100 common frames omitted
Caused by: org.hibernate.exception.JDBCConnectionException: Unable to open JDBC Connection for DDL execution [El intento de conexión falló.] [n/a]
	at org.hibernate.exception.internal.SQLStateConversionDelegate.convert(SQLStateConversionDelegate.java:80)
	at org.hibernate.exception.internal.StandardSQLExceptionConverter.convert(StandardSQLExceptionConverter.java:34)
	at org.hibernate.engine.jdbc.spi.SqlExceptionHelper.convert(SqlExceptionHelper.java:115)
	at org.hibernate.engine.jdbc.spi.SqlExceptionHelper.convert(SqlExceptionHelper.java:101)
	at org.hibernate.resource.transaction.backend.jdbc.internal.DdlTransactionIsolatorNonJtaImpl.getIsolatedConnection(DdlTransactionIsolatorNonJtaImpl.java:71)
	at org.hibernate.resource.transaction.backend.jdbc.internal.DdlTransactionIsolatorNonJtaImpl.getIsolatedConnection(DdlTransactionIsolatorNonJtaImpl.java:37)
	at org.hibernate.tool.schema.internal.exec.ImprovedExtractionContextImpl.getJdbcConnection(ImprovedExtractionContextImpl.java:61)
	at org.hibernate.tool.schema.extract.spi.ExtractionContext.getQueryResults(ExtractionContext.java:41)
	at org.hibernate.tool.schema.extract.internal.SequenceInformationExtractorLegacyImpl.extractMetadata(SequenceInformationExtractorLegacyImpl.java:36)
	at org.hibernate.tool.schema.extract.internal.DatabaseInformationImpl.initializeSequences(DatabaseInformationImpl.java:73)
	at org.hibernate.tool.schema.extract.internal.DatabaseInformationImpl.<init>(DatabaseInformationImpl.java:63)
	at org.hibernate.tool.schema.extract.internal.CachingDatabaseInformationImpl.<init>(CachingDatabaseInformationImpl.java:43)
	at org.hibernate.tool.schema.internal.GroupedSchemaMigratorImpl.buildDatabaseInformation(GroupedSchemaMigratorImpl.java:112)
	at org.hibernate.tool.schema.internal.AbstractSchemaMigrator.doMigration(AbstractSchemaMigrator.java:83)
	at org.hibernate.tool.schema.spi.SchemaManagementToolCoordinator.performDatabaseAction(SchemaManagementToolCoordinator.java:269)
	at org.hibernate.tool.schema.spi.SchemaManagementToolCoordinator.lambda$process$1(SchemaManagementToolCoordinator.java:101)
	at java.base/java.util.HashMap.forEach(HashMap.java:1429)
	at org.hibernate.tool.schema.spi.SchemaManagementToolCoordinator.process(SchemaManagementToolCoordinator.java:100)
	at org.hibernate.boot.internal.SessionFactoryObserverForSchemaExport.sessionFactoryCreated(SessionFactoryObserverForSchemaExport.java:35)
	at org.hibernate.internal.SessionFactoryObserverChain.sessionFactoryCreated(SessionFactoryObserverChain.java:33)
	at org.hibernate.internal.SessionFactoryImpl.<init>(SessionFactoryImpl.java:323)
	at org.hibernate.internal.SessionFactoryRegistry.instantiateSessionFactory(SessionFactoryRegistry.java:64)
	at org.hibernate.boot.internal.SessionFactoryBuilderImpl.build(SessionFactoryBuilderImpl.java:437)
	at org.hibernate.jpa.boot.internal.EntityManagerFactoryBuilderImpl.build(EntityManagerFactoryBuilderImpl.java:1456)
	at org.springframework.orm.jpa.vendor.SpringHibernateJpaPersistenceProvider.createContainerEntityManagerFactory(SpringHibernateJpaPersistenceProvider.java:66)
	at org.springframework.orm.jpa.LocalContainerEntityManagerFactoryBean.createNativeEntityManagerFactory(LocalContainerEntityManagerFactoryBean.java:433)
	at org.springframework.orm.jpa.AbstractEntityManagerFactoryBean.buildNativeEntityManagerFactory(AbstractEntityManagerFactoryBean.java:416)
	... 104 common frames omitted
Caused by: org.postgresql.util.PSQLException: El intento de conexión falló.
	at org.postgresql.core.v3.ConnectionFactoryImpl.openConnectionImpl(ConnectionFactoryImpl.java:385)
	at org.postgresql.core.ConnectionFactory.openConnection(ConnectionFactory.java:57)
	at org.postgresql.jdbc.PgConnection.<init>(PgConnection.java:290)
	at org.postgresql.Driver.makeConnection(Driver.java:448)
	at org.postgresql.Driver.connect(Driver.java:298)
	at com.zaxxer.hikari.util.DriverDataSource.getConnection(DriverDataSource.java:144)
	at com.zaxxer.hikari.pool.PoolBase.newConnection(PoolBase.java:373)
	at com.zaxxer.hikari.pool.PoolBase.newPoolEntry(PoolBase.java:210)
	at com.zaxxer.hikari.pool.HikariPool.createPoolEntry(HikariPool.java:488)
	at com.zaxxer.hikari.pool.HikariPool.checkFailFast(HikariPool.java:576)
	at com.zaxxer.hikari.pool.HikariPool.<init>(HikariPool.java:97)
	at com.zaxxer.hikari.HikariDataSource.getConnection(HikariDataSource.java:111)
	at org.hibernate.engine.jdbc.connections.internal.DataSourceConnectionProvider.getConnection(DataSourceConnectionProvider.java:137)
	at org.hibernate.engine.jdbc.env.internal.JdbcEnvironmentInitiator$ConnectionProviderJdbcConnectionAccess.obtainConnection(JdbcEnvironmentInitiator.java:508)
	at org.hibernate.resource.transaction.backend.jdbc.internal.DdlTransactionIsolatorNonJtaImpl.getIsolatedConnection(DdlTransactionIsolatorNonJtaImpl.java:44)
	... 126 common frames omitted
Caused by: java.net.UnknownHostException: astranimbus.cbmyiymgqvu1.us-east-2.rds.amazonaws.com
	at java.base/sun.nio.ch.NioSocketImpl.connect(NioSocketImpl.java:567)
	at java.base/java.net.SocksSocketImpl.connect(SocksSocketImpl.java:327)
	at java.base/java.net.Socket.connect(Socket.java:751)
	at org.postgresql.core.PGStream.createSocket(PGStream.java:261)
	at org.postgresql.core.PGStream.<init>(PGStream.java:122)
	at org.postgresql.core.v3.ConnectionFactoryImpl.tryConnect(ConnectionFactoryImpl.java:146)
	at org.postgresql.core.v3.ConnectionFactoryImpl.openConnectionImpl(ConnectionFactoryImpl.java:289)
	... 140 common frames omitted
